Rank,Year,Position,Name,Age,Wins,Losses,Winning_Percentage,Earned_Run_Average,Games_Played,Games_Started,Games_Finished,Complete_Games,Shutouts,Saves,Innings_Pitched,Hits_Allowed,Runs_Allowed,Earned_Runs,Home_Runs_Allowed,Walks_Allowed,Intentional_Walks_Allowed,Strikeouts,Hit_By_Pitch,Balks,Wild_Pitches,Batters_Faced,Adjusted_Earned_Run_Average,Fielding_Independent_Pitching,Walks_Hits_Per_Inning_Pitched,Hits_Per_Nine_Innings,Home_Runs_Per_Nine_Innings,Walks_Per_Nine_Innings,Strikeouts_Per_Nine_Innings,Strikeout_Walk_Ratio,Dominant_Hand,Switch_Hitter
1,2023,SP,Clayton Kershaw,35,13,5,0.722,2.46,24,24,0,0,0,0,131.2,100,39,36,19,40,0,137,3,2,6,523,177,4.03,1.063,6.8,1.3,2.7,9.4,3.43,Left,No
2,2023,SP,Bobby Miller,24,11,4,0.733,3.76,22,22,0,0,0,0,124.1,105,53,52,12,32,0,119,6,0,10,505,116,3.51,1.102,7.6,0.9,2.3,8.6,3.72,Right,No
3,2023,SP,Julio Urías,26,11,8,0.579,4.6,21,21,0,0,0,0,117.1,112,61,60,24,24,0,117,6,1,2,482,95,4.69,1.159,8.6,1.8,1.8,9.0,4.88,Left,No
4,2023,SP,Tony Gonsolin,29,8,5,0.615,4.98,20,20,0,0,0,0,103.0,86,61,57,19,40,1,82,7,0,2,435,87,5.43,1.223,7.5,1.7,3.5,7.2,2.05,Right,No
5,2023,SP,Michael Grove,26,2,3,0.4,6.13,18,12,1,0,0,0,69.0,83,47,47,12,19,0,73,3,0,3,302,71,4.36,1.478,10.8,1.6,2.5,9.5,3.84,Right,No
6,2023,SP,Noah Syndergaard,30,1,4,0.2,7.16,12,12,0,0,0,0,55.1,71,44,44,12,9,0,38,6,0,0,246,61,5.51,1.446,11.5,2.0,1.5,6.2,4.22,Right,No
7,2023,CL,Evan Phillips,28,2,4,0.333,2.05,62,0,36,0,0,24,61.1,38,19,14,6,13,2,66,3,0,1,234,212,3.16,0.832,5.6,0.9,1.9,9.7,5.08,Right,No
8,2023,RP,Brusdar Graterol,24,4,2,0.667,1.2,68,1,19,0,0,7,67.1,53,14,9,3,12,1,48,2,0,2,257,363,3.03,0.965,7.1,0.4,1.6,6.4,4.0,Right,No
9,2023,RP,Caleb Ferguson,26,7,4,0.636,3.43,68,7,9,0,0,3,60.1,64,30,23,4,23,0,70,8,0,3,270,127,3.34,1.442,9.5,0.6,3.4,10.4,3.04,Left,No
10,2023,RP,Alex Vesia,27,2,5,0.286,4.35,56,1,10,0,0,1,49.2,52,27,24,7,17,3,64,2,0,2,217,100,3.66,1.389,9.4,1.3,3.1,11.6,3.76,Left,No
11,2023,RP,Yency Almonte,29,3,2,0.6,5.06,49,0,5,0,0,0,48.0,43,30,27,6,24,2,49,4,0,3,208,86,4.59,1.396,8.1,1.1,4.5,9.2,2.04,Right,No
12,2023,,Lance Lynn,36,7,2,0.778,4.36,11,11,0,0,0,0,64.0,59,33,31,16,22,0,47,2,0,0,273,100,6.16,1.266,8.3,2.3,3.1,6.6,2.14,Right,No
13,2023,,Emmet Sheehan,23,4,1,0.8,4.92,13,11,1,0,0,1,60.1,46,33,33,11,26,0,64,1,0,1,248,89,4.85,1.193,6.9,1.6,3.9,9.5,2.46,Right,No
14,2023,,Dustin May,25,4,1,0.8,2.63,9,9,0,0,0,0,48.0,29,14,14,1,16,0,34,2,0,1,187,167,3.23,0.938,5.4,0.2,3.0,6.4,2.13,Right,No
15,2023,,Shelby Miller,32,3,0,1.0,1.71,36,1,12,0,0,1,42.0,19,8,8,3,19,2,42,2,0,1,163,255,3.68,0.905,4.1,0.6,4.1,9.0,2.21,Right,No
16,2023,,Phil Bickford,27,2,3,0.4,5.14,36,0,12,0,0,0,42.0,38,27,24,5,26,3,48,0,1,3,190,85,4.37,1.524,8.1,1.1,5.6,10.3,1.85,Right,No
17,2023,,Ryan Pepiot,25,2,1,0.667,2.14,8,3,0,0,0,0,42.0,27,10,10,7,5,0,38,3,0,0,159,204,4.18,0.762,5.8,1.5,1.1,8.1,7.6,Right,No
18,2023,,Ryan Brasier,35,2,0,1.0,0.7,39,0,5,0,0,1,38.2,18,6,3,1,10,1,38,1,0,1,143,627,2.48,0.724,4.2,0.2,2.3,8.8,3.8,Right,No
19,2023,,Ryan Yarbrough,31,4,2,0.667,4.89,11,2,4,0,0,2,38.2,44,21,21,8,5,0,38,2,0,0,165,90,4.52,1.267,10.2,1.9,1.2,8.8,7.6,Left,No
20,2023,,Victor González,27,3,3,0.5,4.01,34,1,7,0,0,0,33.2,27,15,15,2,10,1,30,3,0,1,135,109,3.4,1.099,7.2,0.5,2.7,8.0,3.0,Left,No
21,2023,,Gavin Stone,24,1,1,0.5,9.0,8,4,1,0,0,1,31.0,46,32,31,8,13,0,22,2,0,0,152,49,6.64,1.903,13.4,2.3,3.8,6.4,1.69,Right,No
22,2023,,Justin Bruihl,26,1,0,1.0,4.07,20,0,9,0,0,0,24.1,24,11,11,2,8,1,19,2,0,2,102,108,3.99,1.315,8.9,0.7,3.0,7.0,2.38,Left,No
23,2023,,Andre Jackson,27,0,0,0.0,6.62,7,0,5,0,0,2,17.2,22,13,13,5,3,0,16,0,0,0,79,67,5.63,1.415,11.2,2.5,1.5,8.2,5.33,Right,No
24,2023,,Gus Varland,26,1,1,0.5,3.09,8,0,4,0,0,0,11.2,12,6,4,0,8,1,14,0,0,2,52,145,2.91,1.714,9.3,0.0,6.2,10.8,1.75,Right,No
25,2023,,Nick Robertson,24,0,1,0.0,6.1,9,0,2,0,0,0,10.1,17,10,7,1,4,0,13,0,0,0,50,74,3.16,2.032,14.8,0.9,3.5,11.3,3.25,Right,No
26,2023,,Joe Kelly,35,1,0,1.0,1.74,11,0,2,0,0,0,10.1,3,3,2,0,6,0,19,0,0,2,40,258,1.32,0.871,2.6,0.0,5.2,16.5,3.17,Right,No
27,2023,,Bryan Hudson,26,0,0,0.0,7.27,6,0,5,0,0,0,8.2,12,7,7,1,4,0,7,1,0,0,44,62,4.87,1.846,12.5,1.0,4.2,7.3,1.75,Left,No
28,2023,,Wander Suero,31,1,0,1.0,7.88,5,0,3,0,0,0,8.0,6,7,7,2,5,0,9,0,0,0,35,58,6.13,1.375,6.8,2.3,5.6,10.1,1.8,Right,No
29,2023,,Tayler Scott,31,0,0,0.0,9.0,6,0,1,0,0,0,6.0,6,6,6,0,4,2,8,1,0,0,30,51,3.09,1.667,9.0,0.0,6.0,12.0,2.0,Right,No
30,2023,,Dylan Covey,31,0,0,0.0,4.5,1,0,0,0,0,0,4.0,5,2,2,2,1,0,3,0,0,0,18,105,9.01,1.5,11.3,4.5,2.3,6.8,3.0,Right,No
31,2023,,Tyson Miller,27,0,0,0.0,4.5,2,0,0,0,0,0,4.0,4,2,2,0,1,0,3,0,0,1,15,105,2.51,1.25,9.0,0.0,2.3,6.8,3.0,Right,No
32,2023,,Miguel Rojas,34,0,0,0.0,6.0,3,0,3,0,0,0,3.0,3,2,2,0,1,0,0,1,0,0,14,81,5.26,1.333,9.0,0.0,3.0,0.0,0.0,Right,No
33,2023,,Daniel Hudson,36,0,0,0.0,0.0,3,0,1,0,0,1,3.0,2,0,0,0,3,0,5,0,0,0,14,0,2.92,1.667,6.0,0.0,9.0,15.0,1.67,Right,No
34,2023,,Kyle Hurt,25,0,0,0.0,0.0,1,0,1,0,0,0,2.0,0,0,0,0,0,0,3,0,0,0,6,0,0.26,0.0,0.0,0.0,0.0,13.5,0.0,Right,No
35,2023,,Tyler Cyr,30,0,0,0.0,0.0,2,0,2,0,0,0,1.2,1,0,0,0,0,0,2,0,0,0,6,0,0.86,0.6,5.4,0.0,0.0,10.8,0.0,Right,No
36,2023,,Adam Kolarek,34,0,0,0.0,0.0,1,0,0,0,0,0,1.1,1,0,0,0,0,0,2,0,0,0,5,0,0.26,0.75,6.8,0.0,0.0,13.5,0.0,Left,No
37,2023,,Yonny Hernández,25,0,0,0.0,0.0,1,0,1,0,0,0,1.0,1,0,0,0,0,0,0,0,0,0,4,0,3.26,1.0,9.0,0.0,0.0,0.0,0.0,Right,No
38,2023,,Luke Williams,26,0,0,0.0,0.0,1,0,1,0,0,0,1.0,0,0,0,0,0,0,0,0,0,0,3,0,3.26,0.0,0.0,0.0,0.0,0.0,0.0,Right,No
39,2023,,Jake Reed,30,0,0,0.0,81.0,1,0,0,0,0,0,0.2,5,6,6,1,1,0,1,0,0,0,7,8,24.26,9.0,67.5,13.5,13.5,13.5,1.0,Right,No
1,2022,SP,Tyler Anderson,32,15,5,0.75,2.57,30,28,0,0,0,0,178.2,145,57,51,14,34,0,138,9,0,6,707,157,3.31,1.002,7.3,0.7,1.7,7.0,4.06,Left,No
2,2022,SP,Julio Urías,25,17,7,0.708,2.16,31,31,0,0,0,0,175.0,127,51,42,23,41,0,166,5,1,0,689,186,3.71,0.96,6.5,1.2,2.1,8.5,4.05,Left,No
3,2022,SP,Tony Gonsolin,28,16,1,0.941,2.14,24,24,0,0,0,0,130.1,79,32,31,11,35,1,119,4,0,5,498,188,3.28,0.875,5.5,0.8,2.4,8.2,3.4,Right,No
4,2022,SP,Clayton Kershaw,34,12,3,0.8,2.28,22,22,0,0,0,0,126.1,96,36,32,10,23,0,137,2,1,0,493,177,2.57,0.942,6.8,0.7,1.6,9.8,5.96,Left,No
5,2022,SP,Andrew Heaney,31,4,4,0.5,3.1,16,14,1,0,0,0,72.2,60,34,25,14,19,0,110,9,0,0,310,130,3.75,1.087,7.4,1.7,2.4,13.6,5.79,Left,No
6,2022,SP,Walker Buehler,27,6,3,0.667,4.02,12,12,0,1,1,0,65.0,67,30,29,8,17,0,58,2,0,1,274,101,3.8,1.292,9.3,1.1,2.4,8.0,3.41,Right,No
7,2022,CL,Craig Kimbrel,34,6,7,0.462,3.75,63,0,47,0,0,22,60.0,51,31,25,4,28,2,72,5,1,7,260,108,3.23,1.317,7.7,0.6,4.2,10.8,2.57,Right,No
8,2022,RP,Evan Phillips,27,7,3,0.7,1.14,64,0,9,0,0,2,63.0,33,11,8,2,15,1,77,3,0,0,233,353,1.94,0.762,4.7,0.3,2.1,11.0,5.13,Right,No
9,2022,RP,Phil Bickford,26,2,1,0.667,4.72,60,0,13,0,0,0,61.0,53,33,32,12,14,0,67,2,0,0,247,86,4.26,1.098,7.8,1.8,2.1,9.9,4.79,Right,No
10,2022,RP,Alex Vesia,26,5,0,1.0,2.15,63,0,6,0,0,1,54.1,37,14,13,2,24,1,79,2,0,2,227,188,2.12,1.123,6.1,0.3,4.0,13.1,3.29,Left,No
11,2022,RP,Brusdar Graterol,23,2,4,0.333,3.26,46,1,12,0,0,4,49.2,39,20,18,3,10,1,43,3,0,0,197,124,2.95,0.987,7.1,0.5,1.8,7.8,4.3,Right,No
12,2022,,Mitch White,27,1,2,0.333,3.7,15,10,1,0,0,0,56.0,51,25,23,6,19,0,47,2,0,4,237,109,3.95,1.25,8.2,1.0,3.1,7.6,2.47,Right,No
13,2022,,David Price,36,2,0,1.0,2.45,40,0,13,0,0,2,40.1,38,11,11,6,9,2,37,0,0,0,167,165,3.88,1.165,8.5,1.3,2.0,8.3,4.11,Left,No
14,2022,,Ryan Pepiot,24,3,0,1.0,3.47,9,7,0,0,0,0,36.1,26,15,14,6,27,0,42,3,0,1,160,117,5.42,1.459,6.4,1.5,6.7,10.4,1.56,Right,No
15,2022,,Yency Almonte,28,0,0,0.0,1.02,33,0,3,0,0,1,35.1,18,4,4,2,10,1,33,4,0,0,135,398,3.17,0.792,4.6,0.5,2.5,8.4,3.3,Right,No
16,2022,,Caleb Ferguson,25,1,0,1.0,1.82,37,1,3,0,0,0,34.2,23,9,7,1,17,0,37,2,0,0,142,223,3.0,1.154,6.0,0.3,4.4,9.6,2.18,Left,No
17,2022,,Dustin May,24,2,3,0.4,4.5,6,6,0,0,0,0,30.0,21,17,15,3,14,0,29,5,0,0,127,90,4.38,1.167,6.3,0.9,4.2,8.7,2.07,Right,No
18,2022,,Michael Grove,25,1,0,1.0,4.6,7,6,1,0,0,0,29.1,32,21,15,6,10,1,24,0,0,2,133,88,5.16,1.432,9.8,1.8,3.1,7.4,2.4,Right,No
19,2022,,Chris Martin,36,3,1,0.75,1.46,26,0,2,0,0,2,24.2,12,4,4,1,1,0,34,1,0,1,92,279,1.13,0.527,4.4,0.4,0.4,12.4,34.0,Right,No
20,2022,,Daniel Hudson,35,2,3,0.4,2.22,25,0,8,0,0,5,24.1,17,7,6,1,5,0,30,2,0,4,97,184,2.04,0.904,6.3,0.4,1.8,11.1,6.0,Right,No
21,2022,,Reyes Moronta,29,0,0,0.0,4.18,22,0,6,0,0,0,23.2,17,11,11,5,10,0,27,2,0,4,98,97,5.1,1.141,6.5,1.9,3.8,10.3,2.7,Right,No
22,2022,,Justin Bruihl,25,1,1,0.5,3.8,24,0,11,0,0,1,23.2,22,11,10,4,6,2,13,3,0,0,100,107,5.35,1.183,8.4,1.5,2.3,4.9,2.17,Left,No
23,2022,,Tommy Kahnle,32,0,0,0.0,2.84,13,0,2,0,0,1,12.2,5,4,4,2,3,0,14,3,0,1,46,145,4.38,0.632,3.6,1.4,2.1,9.9,4.67,Right,No
24,2022,,Hanser Alberto,29,0,0,0.0,4.09,10,0,10,0,0,0,11.0,10,5,5,2,3,0,1,1,0,0,47,102,6.38,1.182,8.2,1.6,2.5,0.8,0.33,Right,No
25,2022,,Andre Jackson,26,0,0,0.0,1.86,4,0,3,0,0,1,9.2,9,3,2,0,4,0,9,0,0,0,42,224,2.49,1.345,8.4,0.0,3.7,8.4,2.25,Right,No
26,2022,,Heath Hembree,33,1,1,0.5,7.94,6,0,3,0,0,0,5.2,9,6,5,1,3,1,5,0,0,0,29,54,5.23,2.118,14.3,1.6,4.8,7.9,1.67,Right,No
27,2022,,Blake Treinen,34,1,1,0.5,1.8,5,0,1,0,0,0,5.0,1,1,1,1,1,0,6,0,0,0,17,240,3.91,0.4,1.8,1.8,1.8,10.8,6.0,Right,No
28,2022,,Jake Reed,29,0,0,0.0,1.93,5,0,2,0,0,1,4.2,6,1,1,0,1,0,2,0,0,0,20,225,2.9,1.5,11.6,0.0,1.9,3.9,2.0,Right,No
29,2022,,Garrett Cleavinger,28,0,1,0.0,10.38,4,0,1,0,0,0,4.1,6,7,5,1,3,0,7,1,0,0,24,42,5.65,2.077,12.5,2.1,6.2,14.5,2.33,Left,No
30,2022,,Robbie Erlin,31,0,0,0.0,9.0,2,0,2,0,0,0,2.0,2,2,2,1,1,0,1,0,0,0,9,53,10.11,1.5,9.0,4.5,4.5,4.5,1.0,Left,No
31,2022,,Shane Greene,33,1,0,1.0,0.0,1,0,1,0,0,0,2.0,2,0,0,0,0,0,1,0,0,0,8,0,2.11,1.0,9.0,0.0,0.0,4.5,0.0,Right,No
1,2021,SP,Walker Buehler,26,16,4,0.8,2.47,33,33,0,0,0,0,207.2,149,61,57,19,52,2,212,6,0,5,815,171,3.16,0.968,6.5,0.8,2.3,9.2,4.08,Right,No
2,2021,SP,Julio Urías,24,20,3,0.87,2.96,32,32,0,0,0,0,185.2,151,67,61,19,38,3,195,7,1,2,745,143,3.13,1.018,7.3,0.9,1.8,9.5,5.13,Left,No
3,2021,SP,Clayton Kershaw,33,10,8,0.556,3.55,22,22,0,0,0,0,121.2,103,51,48,15,21,0,144,3,1,7,488,119,3.0,1.019,7.6,1.1,1.6,10.7,6.86,Left,No
4,2021,SP,Trevor Bauer,30,8,5,0.615,2.59,17,17,0,1,0,0,107.2,71,36,31,19,37,1,137,3,0,3,432,163,4.03,1.003,5.9,1.6,3.1,11.5,3.7,Right,No
5,2021,SP,Max Scherzer,36,7,0,1.0,1.98,11,11,0,0,0,0,68.1,48,17,15,5,8,0,89,2,0,2,265,214,1.96,0.82,6.3,0.7,1.1,11.7,11.13,Right,No
6,2021,SP,Tony Gonsolin,27,4,1,0.8,3.23,15,13,0,0,0,0,55.2,41,20,20,8,34,0,65,0,0,4,239,131,4.54,1.347,6.6,1.3,5.5,10.5,1.91,Right,No
7,2021,CL,Kenley Jansen,33,4,4,0.5,2.22,69,0,52,0,0,38,69.0,36,21,17,4,36,4,86,2,2,4,278,191,3.08,1.043,4.7,0.5,4.7,11.2,2.39,Right,No
8,2021,RP,Blake Treinen,33,6,5,0.545,1.99,72,0,10,0,0,7,72.1,46,20,16,5,25,1,85,3,0,3,286,212,2.88,0.982,5.7,0.6,3.1,10.6,3.4,Right,No
9,2021,RP,Phil Bickford,25,4,2,0.667,2.5,56,0,8,0,0,1,50.1,34,16,14,6,18,7,59,2,0,0,200,169,3.57,1.033,6.1,1.1,3.2,10.5,3.28,Right,No
10,2021,RP,Joe Kelly,33,2,0,1.0,2.86,48,0,7,0,0,2,44.0,28,16,14,3,15,1,50,4,1,0,182,148,3.08,0.977,5.7,0.6,3.1,10.2,3.33,Right,No
11,2021,RP,Victor González,25,3,1,0.75,3.57,44,1,5,0,0,1,35.1,32,14,14,3,19,2,33,3,0,1,155,119,4.27,1.443,8.2,0.8,4.8,8.4,1.74,Left,No
12,2021,,David Price,35,5,2,0.714,4.03,39,11,5,0,0,1,73.2,79,35,33,8,26,2,58,4,0,1,326,105,4.23,1.425,9.7,1.0,3.2,7.1,2.23,Left,No
13,2021,,Mitch White,26,1,3,0.25,3.66,21,4,6,0,0,0,46.2,38,28,19,6,17,1,49,0,0,3,197,116,3.83,1.179,7.3,1.2,3.3,9.5,2.88,Right,No
14,2021,,Alex Vesia,25,3,1,0.75,2.25,41,0,7,0,0,1,40.0,17,17,10,6,22,3,54,2,0,0,161,189,4.22,0.975,3.8,1.4,5.0,12.2,2.45,Left,No
15,2021,,Brusdar Graterol,22,3,0,1.0,4.59,34,1,6,0,0,0,33.1,34,18,17,2,13,6,27,5,0,2,150,93,3.95,1.41,9.2,0.5,3.5,7.3,2.08,Right,No
16,2021,,Jimmy Nelson,32,1,2,0.333,1.86,28,1,5,0,0,0,29.0,14,8,6,0,13,0,44,4,1,4,116,229,1.89,0.931,4.3,0.0,4.0,13.7,3.38,Right,No
17,2021,,Corey Knebel,29,4,0,1.0,2.45,27,4,3,0,0,3,25.2,16,8,7,2,9,1,30,0,1,0,101,174,2.9,0.974,5.6,0.7,3.2,10.5,3.33,Right,No
18,2021,,Dustin May,23,1,1,0.5,2.74,5,5,0,0,0,0,23.0,16,8,7,4,6,0,35,1,0,0,93,156,3.3,0.957,6.3,1.6,2.3,13.7,5.83,Right,No
19,2021,,Edwin Uceta,23,0,3,0.0,6.64,14,1,5,0,0,0,20.1,19,18,15,3,12,1,25,0,1,1,92,64,4.4,1.525,8.4,1.3,5.3,11.1,2.08,Right,No
20,2021,,Justin Bruihl,24,0,1,0.0,2.89,21,2,2,0,0,0,18.2,13,7,6,1,7,2,11,1,0,3,73,148,3.97,1.071,6.3,0.5,3.4,5.3,1.57,Left,No
21,2021,,Garrett Cleavinger,27,2,4,0.333,3.0,22,1,7,0,0,0,18.0,20,11,6,4,12,1,21,1,0,0,84,143,5.89,1.778,10.0,2.0,6.0,10.5,1.75,Left,No
22,2021,,Scott Alexander,31,0,2,0.0,2.93,18,0,6,0,0,0,15.1,15,6,5,2,4,1,8,1,0,1,67,147,4.8,1.239,8.8,1.2,2.3,4.7,2.0,Left,No
23,2021,,Dennis Santana,25,0,0,0.0,6.0,16,0,5,0,0,0,15.0,18,11,10,0,11,1,8,3,0,2,74,72,4.9,1.933,10.8,0.0,6.6,4.8,0.73,Right,No
24,2021,,Andre Jackson,25,0,1,0.0,2.31,3,0,1,0,0,1,11.2,10,3,3,1,6,0,10,0,1,0,50,187,4.11,1.371,7.7,0.8,4.6,7.7,1.67,Right,No
25,2021,,Evan Phillips,26,1,1,0.5,3.48,7,0,4,0,0,0,10.1,8,5,4,0,5,1,9,1,0,1,46,125,3.17,1.258,7.0,0.0,4.4,7.8,1.8,Right,No
26,2021,,Nate Jones,35,0,0,0.0,8.31,8,0,1,0,0,0,8.2,8,9,8,4,2,0,7,0,0,0,37,53,8.25,1.154,8.3,4.2,2.1,7.3,3.5,Right,No
27,2021,,Josiah Gray,23,0,0,0.0,6.75,2,1,0,0,0,0,8.0,7,6,6,4,5,1,13,0,0,1,35,65,8.3,1.5,7.9,4.5,5.6,14.6,2.6,Right,No
28,2021,,Darien Núñez,28,0,1,0.0,8.22,6,1,1,0,0,0,7.2,8,8,7,3,4,0,8,0,0,0,33,54,7.74,1.565,9.4,3.5,4.7,9.4,2.0,Left,No
29,2021,,Shane Greene,32,0,0,0.0,4.05,9,0,2,0,0,1,6.2,3,3,3,1,5,0,7,3,0,1,30,110,6.62,1.2,4.1,1.4,6.8,9.5,1.4,Right,No
30,2021,,Jake Reed,28,0,0,0.0,3.38,6,1,2,0,0,0,5.1,5,3,2,1,2,1,5,0,0,0,24,133,4.86,1.313,8.4,1.7,3.4,8.4,2.5,Right,No
31,2021,,James Sherfy,29,1,1,0.5,4.15,4,0,3,0,0,0,4.1,3,3,2,1,0,0,3,1,0,0,17,110,5.48,0.692,6.2,2.1,0.0,6.2,0.0,Right,No
32,2021,,Neftalí Feliz,33,0,0,0.0,0.0,3,0,1,0,0,0,3.0,1,0,0,0,0,0,1,0,0,0,10,0,2.5,0.333,3.0,0.0,0.0,3.0,0.0,Right,No
33,2021,,Mike Kickham,32,0,0,0.0,13.5,1,0,1,0,0,0,2.0,5,3,3,1,1,0,2,1,0,0,12,37,10.67,3.0,22.5,4.5,4.5,9.0,2.0,Left,No
34,2021,,Yefry Ramírez,27,0,0,0.0,0.0,1,0,1,0,0,0,2.0,0,0,0,0,1,0,2,0,0,0,6,0,2.67,0.5,0.0,0.0,4.5,9.0,2.0,Right,No
35,2021,,Conner Greene,26,0,0,0.0,0.0,2,0,2,0,0,0,2.0,2,0,0,0,0,0,2,0,0,1,8,0,1.17,1.0,9.0,0.0,0.0,9.0,0.0,Right,No
36,2021,,Andrew Vasquez,27,0,0,0.0,0.0,2,0,1,0,0,0,1.2,1,1,0,0,0,0,3,0,0,0,6,0,-0.43,0.6,5.4,0.0,0.0,16.2,0.0,Left,No
37,2021,,Justin Turner,36,0,0,0.0,0.0,1,0,1,0,0,0,1.0,2,0,0,0,0,0,0,0,0,0,5,0,3.17,2.0,18.0,0.0,0.0,0.0,0.0,Right,No
38,2021,,Andy Burns,30,0,0,0.0,18.0,1,0,1,0,0,0,1.0,3,2,2,1,0,0,1,0,0,0,6,32,14.17,3.0,27.0,9.0,0.0,9.0,0.0,Right,No
39,2021,,Kevin Quackenbush,32,0,0,0.0,27.0,1,0,0,0,0,0,0.1,3,1,1,0,0,0,1,0,0,0,4,33,-2.83,9.0,81.0,0.0,0.0,27.0,0.0,Right,No
1,2020,SP,Clayton Kershaw,32,6,2,0.75,2.16,10,10,0,0,0,0,58.1,41,18,14,8,8,0,62,1,0,0,221,202,3.31,0.84,6.3,1.2,1.2,9.6,7.75,Left,No
2,2020,SP,Dustin May,22,3,1,0.75,2.57,12,10,0,0,0,0,56.0,45,18,16,9,16,0,44,1,0,2,224,170,4.62,1.089,7.2,1.4,2.6,7.1,2.75,Right,No
3,2020,SP,Julio Urías,23,3,0,1.0,3.27,11,10,0,0,0,0,55.0,45,20,20,5,18,0,45,0,0,2,224,134,3.72,1.145,7.4,0.8,2.9,7.4,2.5,Left,No
4,2020,SP,Tony Gonsolin,26,2,2,0.5,2.31,9,8,1,0,0,0,46.2,32,13,12,2,7,0,46,1,0,3,176,189,2.29,0.836,6.2,0.4,1.4,8.9,6.57,Right,No
5,2020,SP,Walker Buehler,25,1,0,1.0,3.44,8,8,0,0,0,0,36.2,24,18,14,7,11,0,42,1,0,4,147,128,4.36,0.955,5.9,1.7,2.7,10.3,3.82,Right,No
6,2020,SP,Ross Stripling,30,3,1,0.75,5.61,7,7,0,0,0,0,33.2,38,26,21,12,11,0,27,1,0,1,150,78,7.29,1.455,10.2,3.2,2.9,7.2,2.45,Right,No
7,2020,CL,Kenley Jansen,32,3,1,0.75,3.33,27,0,24,0,0,11,24.1,19,11,9,2,9,0,33,3,0,0,102,132,3.03,1.151,7.0,0.7,3.3,12.2,3.67,Right,No
8,2020,RP,Blake Treinen,32,3,3,0.5,3.86,27,0,3,0,0,1,25.2,23,15,11,1,8,1,22,2,0,2,107,114,3.15,1.208,8.1,0.4,2.8,7.7,2.75,Right,No
9,2020,RP,Dylan Floro,29,3,0,1.0,2.59,25,0,4,0,0,0,24.1,23,7,7,1,4,1,19,0,0,1,98,170,2.66,1.11,8.5,0.4,1.5,7.0,4.75,Right,No
10,2020,RP,Brusdar Graterol,21,1,2,0.333,3.09,23,2,1,0,0,0,23.1,18,9,8,1,3,0,13,3,0,0,88,143,3.41,0.9,6.9,0.4,1.2,5.0,4.33,Right,No
11,2020,RP,Jake McGee,33,3,1,0.75,2.66,24,0,4,0,0,0,20.1,14,6,6,2,3,0,33,0,0,0,79,167,1.67,0.836,6.2,0.9,1.3,14.6,11.0,Left,No
12,2020,,Victor González,24,3,0,1.0,1.33,15,1,1,0,0,0,20.1,13,3,3,0,2,0,23,3,0,2,80,333,1.67,0.738,5.8,0.0,0.9,10.2,11.5,Left,No
13,2020,,Adam Kolarek,31,3,0,1.0,0.95,20,0,3,0,0,1,19.0,11,2,2,1,4,0,13,0,0,2,72,467,3.14,0.789,5.2,0.5,1.9,6.2,3.25,Left,No
14,2020,,Caleb Ferguson,23,2,1,0.667,2.89,21,1,0,0,0,0,18.2,16,7,6,4,3,0,27,0,0,0,75,153,3.57,1.018,7.7,1.9,1.4,13.0,9.0,Left,No
15,2020,,Pedro Báez,32,0,0,0.0,3.18,18,0,2,0,0,2,17.0,10,8,6,2,7,0,13,0,0,0,70,140,4.43,1.0,5.3,1.1,3.7,6.9,1.86,Right,No
16,2020,,Dennis Santana,24,1,2,0.333,5.29,12,0,7,0,0,0,17.0,15,11,10,4,7,0,18,2,0,1,73,84,5.72,1.294,7.9,2.1,3.7,9.5,2.57,Right,No
17,2020,,Alex Wood,29,0,1,0.0,6.39,9,2,2,0,0,0,12.2,17,11,9,2,6,1,15,3,0,1,65,70,5.01,1.816,12.1,1.4,4.3,10.7,2.5,Left,No
18,2020,,Scott Alexander,30,2,0,1.0,2.92,13,0,1,0,0,0,12.1,9,6,4,2,9,1,9,0,0,0,52,153,6.03,1.459,6.6,1.5,6.6,6.6,1.0,Left,No
19,2020,,Joe Kelly,32,0,0,0.0,1.8,12,1,2,0,0,0,10.0,8,3,2,0,7,0,9,0,0,3,42,250,3.49,1.5,7.2,0.0,6.3,8.1,1.29,Right,No
20,2020,,Josh Sborz,26,0,0,0.0,2.08,4,0,3,0,0,0,4.1,2,1,1,1,1,0,2,0,0,0,16,226,5.96,0.692,4.2,2.1,2.1,4.2,2.0,Right,No
21,2020,,Mitch White,25,1,0,1.0,0.0,2,0,2,0,0,0,3.0,1,0,0,0,1,0,2,0,0,0,11,0,2.86,0.667,3.0,0.0,3.0,6.0,2.0,Right,No
1,2019,SP,Hyun Jin Ryu,32,14,5,0.737,2.32,29,29,0,1,1,0,182.2,160,53,47,17,24,2,163,4,0,0,723,179,3.1,1.007,7.9,0.8,1.2,8.0,6.79,Left,No
2,2019,SP,Walker Buehler,24,14,4,0.778,3.26,30,30,0,2,0,0,182.1,153,77,66,20,37,0,215,7,0,4,737,127,3.01,1.042,7.6,1.0,1.8,10.6,5.81,Right,No
3,2019,SP,Clayton Kershaw,31,16,5,0.762,3.03,29,28,0,0,0,0,178.1,145,63,60,28,41,0,189,2,1,7,706,137,3.86,1.043,7.3,1.4,2.1,9.5,4.61,Left,No
4,2019,SP,Kenta Maeda,31,10,8,0.556,4.04,37,26,3,0,0,3,153.2,114,70,69,22,51,1,169,4,0,3,624,102,3.95,1.074,6.7,1.3,3.0,9.9,3.31,Right,No
5,2019,SP,Rich Hill,39,4,1,0.8,2.45,13,13,0,0,0,0,58.2,48,20,16,10,18,2,72,4,0,0,242,169,4.1,1.125,7.4,1.5,2.8,11.0,4.0,Left,No
6,2019,CL,Kenley Jansen,31,5,3,0.625,3.71,62,0,51,0,0,33,63.0,51,28,26,9,16,0,80,4,3,2,263,112,3.48,1.063,7.3,1.3,2.3,11.4,5.0,Right,No
7,2019,RP,Pedro Báez,31,7,2,0.778,3.1,71,0,9,0,0,1,69.2,43,30,24,6,23,1,69,4,0,0,276,134,3.52,0.947,5.6,0.8,3.0,8.9,3.0,Right,No
8,2019,RP,Yimi García,28,1,4,0.2,3.61,64,0,22,0,0,0,62.1,40,28,25,15,14,2,66,6,1,1,247,115,5.19,0.866,5.8,2.2,2.0,9.5,4.71,Right,No
9,2019,RP,Joe Kelly,31,5,4,0.556,4.56,55,0,13,0,0,1,51.1,49,31,26,6,22,2,62,3,0,10,226,91,3.78,1.383,8.6,1.1,3.9,10.9,2.82,Right,No
10,2019,RP,Dylan Floro,28,5,3,0.625,4.24,50,0,4,0,0,0,46.2,46,25,22,4,14,5,42,2,0,1,201,98,3.56,1.286,8.9,0.8,2.7,8.1,3.0,Right,No
11,2019,,Ross Stripling,29,4,4,0.5,3.47,32,15,4,0,0,0,90.2,84,40,35,11,20,0,93,2,0,4,370,119,3.47,1.147,8.3,1.1,2.0,9.2,4.65,Right,No
12,2019,,Julio Urías,22,4,3,0.571,2.49,37,8,7,0,0,4,79.2,59,28,22,7,27,1,85,5,1,2,326,167,3.43,1.079,6.7,0.8,3.1,9.6,3.15,Left,No
13,2019,,Caleb Ferguson,22,1,2,0.333,4.84,46,2,5,0,0,0,44.2,39,26,24,7,27,2,54,6,1,1,204,86,5.05,1.478,7.9,1.4,5.4,10.9,2.0,Left,No
14,2019,,Tony Gonsolin,25,4,2,0.667,2.93,11,6,1,0,0,1,40.0,26,15,13,4,15,0,37,1,0,2,163,143,3.86,1.025,5.9,0.9,3.4,8.3,2.47,Right,No
15,2019,,Dustin May,21,2,3,0.4,3.63,14,4,0,0,0,0,34.2,33,17,14,2,5,0,32,4,0,0,141,115,2.9,1.096,8.6,0.5,1.3,8.3,6.4,Right,No
16,2019,,Casey Sadler,28,4,0,1.0,2.33,24,1,8,0,0,1,27.0,25,9,7,3,8,2,20,3,0,0,115,179,4.4,1.222,8.3,1.0,2.7,6.7,2.5,Right,No
17,2019,,JT Chargois,28,1,0,1.0,6.33,21,0,9,0,0,0,21.1,21,16,15,4,5,2,28,2,0,0,88,66,4.01,1.219,8.9,1.7,2.1,11.8,5.6,Right,No
18,2019,,Scott Alexander,29,3,2,0.6,3.63,28,0,4,0,0,0,17.1,17,7,7,2,7,2,9,1,0,0,76,116,5.06,1.385,8.8,1.0,3.6,4.7,1.29,Left,No
19,2019,,Adam Kolarek,30,2,0,1.0,0.77,26,0,3,0,0,0,11.2,9,3,1,1,2,0,9,0,0,0,45,552,3.3,0.943,6.9,0.8,1.5,6.9,4.5,Left,No
20,2019,,Josh Sborz,25,0,1,0.0,8.0,7,0,6,0,0,0,9.0,10,8,8,2,4,0,7,0,0,0,40,54,5.88,1.556,10.0,2.0,4.0,7.0,1.75,Right,No
21,2019,,Dennis Santana,23,0,0,0.0,7.2,3,0,1,0,0,0,5.0,6,4,4,1,4,0,6,2,0,1,27,62,7.01,2.0,10.8,1.8,7.2,10.8,1.5,Right,No
22,2019,,Jaime Schultz,28,0,0,0.0,7.2,4,0,3,0,0,0,5.0,6,4,4,1,3,0,3,0,0,0,22,62,6.41,1.8,10.8,1.8,5.4,5.4,1.0,Right,No
23,2019,,Russell Martin,36,0,0,0.0,0.0,4,0,4,0,0,0,4.0,2,0,0,0,0,0,2,0,0,0,13,0,2.21,0.5,4.5,0.0,0.0,4.5,0.0,Right,No
24,2019,,Brock Stewart,27,0,0,0.0,18.0,3,0,1,0,0,0,4.0,9,8,8,2,2,0,3,0,0,1,21,25,9.71,2.75,20.3,4.5,4.5,6.8,1.5,Right,No
25,2019,,Zac Rosscup,31,0,0,0.0,6.0,7,0,1,0,0,0,3.0,6,3,2,1,3,0,4,0,0,1,17,77,7.88,3.0,18.0,3.0,9.0,12.0,1.33,Left,No
26,2019,,Jedd Gyorko,30,0,0,0.0,0.0,0,0,0,0,0,0,0.0,0,0,0,0,0,0,0,0,0,0,0,0,0.0,0.0,0.0,0.0,0.0,0.0,0.0,Right,No
1,2018,SP,Clayton Kershaw,30,9,5,0.643,2.73,26,26,0,0,0,0,161.1,139,55,49,17,29,0,155,2,0,10,650,142,3.18,1.041,7.8,0.9,1.6,8.6,5.34,Left,No
2,2018,SP,Alex Wood,27,9,7,0.563,3.68,33,27,0,0,0,0,151.2,143,70,62,14,40,5,135,8,1,2,637,105,3.53,1.207,8.5,0.8,2.4,8.0,3.38,Left,No
3,2018,SP,Walker Buehler,23,8,5,0.615,2.62,24,23,0,0,0,0,137.1,95,43,40,12,37,1,151,6,0,4,541,148,3.04,0.961,6.2,0.8,2.4,9.9,4.08,Right,No
4,2018,SP,Rich Hill,38,11,5,0.688,3.66,25,24,0,0,0,0,132.2,108,57,54,20,41,3,150,8,1,2,547,106,3.97,1.123,7.3,1.4,2.8,10.2,3.66,Left,No
5,2018,SP,Kenta Maeda,30,8,10,0.444,3.81,39,20,4,0,0,2,125.1,115,58,53,13,43,4,153,5,2,2,532,102,3.22,1.261,8.3,0.9,3.1,11.0,3.56,Right,No
6,2018,SP,Ross Stripling,28,8,6,0.571,3.02,33,21,2,0,0,0,122.0,123,42,41,18,22,2,136,1,0,3,503,128,3.41,1.189,9.1,1.3,1.6,10.0,6.18,Right,No
7,2018,CL,Kenley Jansen,30,1,5,0.167,3.01,69,0,59,0,0,38,71.2,54,28,24,13,17,1,82,2,2,0,289,129,4.03,0.991,6.8,1.6,2.1,10.3,4.82,Right,No
8,2018,RP,Scott Alexander,28,2,1,0.667,3.68,73,1,8,0,0,3,66.0,57,28,27,4,27,2,56,2,0,2,268,106,3.57,1.273,7.8,0.5,3.7,7.6,2.07,Left,No
9,2018,RP,Pedro Báez,30,4,3,0.571,2.88,55,0,8,0,0,0,56.1,46,19,18,4,23,2,62,1,1,0,237,135,3.16,1.225,7.3,0.6,3.7,9.9,2.7,Right,No
10,2018,RP,Daniel Hudson,31,3,2,0.6,4.11,40,1,11,0,0,0,46.0,38,25,21,6,18,1,44,4,0,3,197,95,4.38,1.217,7.4,1.2,3.5,8.6,2.44,Right,No
11,2018,RP,Josh Fields,32,2,2,0.5,2.2,45,0,10,0,0,2,41.0,28,10,10,4,11,1,33,0,0,0,154,178,3.62,0.951,6.1,0.9,2.4,7.2,3.0,Right,No
12,2018,,Hyun Jin Ryu,31,7,3,0.7,1.97,15,15,0,0,0,0,82.1,68,23,18,9,15,1,89,1,0,0,324,198,3.0,1.008,7.4,1.0,1.6,9.7,5.93,Left,No
13,2018,,Caleb Ferguson,21,7,2,0.778,3.49,29,3,7,0,0,2,49.0,43,21,19,8,12,1,59,3,0,1,202,112,3.79,1.122,7.9,1.5,2.2,10.8,4.92,Left,No
14,2018,,JT Chargois,27,2,4,0.333,3.34,39,0,4,0,0,0,32.1,26,13,12,4,15,3,40,2,0,3,135,117,3.87,1.268,7.2,1.1,4.2,11.1,2.67,Right,No
15,2018,,Erik Goeddel,29,1,0,1.0,3.38,26,0,4,0,0,0,29.1,22,11,11,4,15,2,35,1,0,1,126,116,4.18,1.261,6.8,1.2,4.6,10.7,2.33,Right,No
16,2018,,Dylan Floro,27,3,1,0.75,1.63,29,0,7,0,0,0,27.2,18,5,5,1,11,3,31,1,1,1,112,241,2.69,1.048,5.9,0.3,3.6,10.1,2.82,Right,No
17,2018,,Tony Cingrani,28,1,2,0.333,4.76,30,0,2,0,0,0,22.2,19,12,12,2,6,1,36,3,2,1,95,83,2.32,1.103,7.5,0.8,2.4,14.3,6.0,Left,No
18,2018,,Yimi García,27,1,2,0.333,5.64,25,0,3,0,0,0,22.1,29,18,14,7,4,1,19,2,0,0,101,70,6.34,1.478,11.7,2.8,1.6,7.7,4.75,Right,No
19,2018,,Brock Stewart,26,0,1,0.0,6.11,9,2,3,0,0,0,17.2,23,15,12,4,9,3,14,2,0,1,90,65,6.39,1.811,11.7,2.0,4.6,7.1,1.56,Right,No
20,2018,,Pat Venditte,33,0,0,0.0,2.57,15,0,6,0,0,0,14.0,11,4,4,1,3,1,9,2,0,0,57,155,3.87,1.0,7.1,0.6,1.9,5.8,3.0,Right,Yes
21,2018,,Adam Liberatore,31,2,1,0.667,2.77,17,0,4,0,0,0,13.0,10,4,4,1,8,0,12,1,0,0,54,144,4.39,1.385,6.9,0.7,5.5,8.3,1.5,Left,No
22,2018,,Zac Rosscup,30,0,1,0.0,4.76,17,0,5,0,0,0,11.1,9,6,6,3,4,0,20,0,0,0,47,84,4.13,1.147,7.1,2.4,3.2,15.9,5.0,Left,No
23,2018,,Wilmer Font,28,0,2,0.0,11.32,6,0,6,0,0,0,10.1,18,13,13,5,1,1,7,0,0,0,48,35,8.39,1.839,15.7,4.4,0.9,6.1,7.0,Right,No
24,2018,,Ryan Madson,37,0,0,0.0,6.48,9,0,1,0,0,0,8.1,10,6,6,1,1,0,13,0,0,1,36,63,1.96,1.32,10.8,1.1,1.1,14.0,13.0,Right,No
25,2018,,Edward Paredes,31,2,0,1.0,5.87,15,0,1,0,0,0,7.2,7,5,5,2,2,0,8,1,0,0,33,69,5.64,1.174,8.2,2.3,2.3,9.4,4.0,Left,No
26,2018,,Julio Urías,21,0,0,0.0,0.0,3,0,3,0,0,0,4.0,1,0,0,0,0,0,7,0,0,0,13,0,-0.34,0.25,2.3,0.0,0.0,15.8,0.0,Left,No
27,2018,,Daniel Corcino,27,0,0,0.0,2.25,2,0,2,0,0,1,4.0,2,2,1,0,3,0,1,1,0,1,18,189,5.66,1.25,4.5,0.0,6.8,2.3,0.33,Right,No
28,2018,,John Axford,35,0,0,0.0,17.18,5,0,1,0,0,0,3.2,8,8,7,0,2,0,4,1,0,0,22,25,3.43,2.727,19.6,0.0,4.9,9.8,2.0,Right,No
29,2018,,Dennis Santana,22,1,0,1.0,12.27,1,0,0,0,0,0,3.2,6,5,5,0,1,0,4,1,0,1,19,35,2.61,1.909,14.7,0.0,2.5,9.8,4.0,Right,No
30,2018,,Zach Neal,29,0,0,0.0,9.0,1,0,1,0,0,0,1.0,2,1,1,1,0,0,0,0,0,0,5,60,16.16,2.0,18.0,9.0,0.0,0.0,0.0,Right,No
31,2018,,Enrique Hernández,26,0,1,0.0,81.0,1,0,1,0,0,0,0.1,1,3,3,1,2,0,0,0,0,0,4,10,60.16,9.0,27.0,27.0,54.0,0.0,0.0,Right,No
1,2017,SP,Clayton Kershaw,29,18,4,0.818,2.31,27,27,0,1,0,0,175.0,136,49,45,23,30,0,202,0,2,4,679,179,3.07,0.949,7.0,1.2,1.5,10.4,6.73,Left,No
2,2017,SP,Alex Wood,26,16,3,0.842,2.72,27,25,0,0,0,0,152.1,123,50,46,15,38,6,151,6,0,2,614,152,3.32,1.057,7.3,0.9,2.2,8.9,3.97,Left,No
3,2017,SP,Rich Hill,37,12,8,0.6,3.32,25,25,0,1,0,0,135.2,99,51,50,18,49,1,166,9,1,2,552,125,3.72,1.091,6.6,1.2,3.3,11.0,3.39,Left,No
4,2017,SP,Kenta Maeda,29,13,6,0.684,4.22,29,25,1,0,0,1,134.1,121,68,63,22,34,1,140,5,0,4,557,98,4.07,1.154,8.1,1.5,2.3,9.4,4.12,Right,No
5,2017,SP,Hyun Jin Ryu,30,5,9,0.357,3.77,25,24,1,0,0,1,126.2,128,58,53,22,45,3,116,4,1,4,541,110,4.74,1.366,9.1,1.6,3.2,8.2,2.58,Left,No
6,2017,SP,Brandon McCarthy,33,6,4,0.6,3.98,19,16,0,0,0,0,92.2,89,43,41,5,27,0,72,3,0,4,384,104,3.28,1.252,8.6,0.5,2.6,7.0,2.67,Right,No
7,2017,CL,Kenley Jansen,29,5,0,1.0,1.32,65,0,57,0,0,41,68.1,44,11,10,5,7,0,109,2,1,2,258,315,1.31,0.746,5.8,0.7,0.9,14.4,15.57,Right,No
8,2017,RP,Ross Stripling,27,3,5,0.375,3.75,49,2,12,0,0,2,74.1,69,31,31,10,19,4,74,0,0,2,304,110,3.68,1.184,8.4,1.2,2.3,9.0,3.89,Right,No
9,2017,RP,Pedro Báez,29,3,6,0.333,2.95,66,0,6,0,0,0,64.0,56,24,21,9,29,2,64,2,1,1,280,140,4.44,1.328,7.9,1.3,4.1,9.0,2.21,Right,No
10,2017,RP,Josh Fields,31,5,0,1.0,2.84,57,0,13,0,0,2,57.0,40,19,18,10,15,1,60,1,1,1,223,146,4.18,0.965,6.3,1.6,2.4,9.5,4.0,Right,No
11,2017,RP,Luis Avilán,27,2,3,0.4,2.93,61,0,5,0,0,0,46.0,42,16,15,2,22,3,52,1,0,1,194,142,2.96,1.391,8.2,0.4,4.3,10.2,2.36,Left,No
12,2017,,Yu Darvish,30,4,3,0.571,3.44,9,9,0,0,0,0,49.2,44,20,19,7,13,1,61,1,0,3,202,121,3.38,1.148,8.0,1.3,2.4,11.1,4.69,Right,No
13,2017,,Brandon Morrow,32,6,0,1.0,2.06,45,0,10,0,0,2,43.2,31,10,10,0,9,1,50,1,0,2,170,202,1.55,0.916,6.4,0.0,1.9,10.3,5.56,Right,No
14,2017,,Chris Hatcher,32,0,1,0.0,4.66,26,0,15,0,0,0,36.2,37,20,19,7,12,0,43,0,1,2,158,89,4.28,1.336,9.1,1.7,2.9,10.6,3.58,Right,No
15,2017,,Brock Stewart,25,0,0,0.0,3.41,17,4,8,0,0,1,34.1,28,18,13,4,19,2,29,1,0,0,147,122,4.73,1.369,7.3,1.0,5.0,7.6,1.53,Right,No
16,2017,,Sergio Romo,34,1,1,0.5,6.12,30,0,8,0,0,0,25.0,23,17,17,7,12,1,31,0,1,0,108,68,5.76,1.4,8.3,2.5,4.3,11.2,2.58,Right,No
17,2017,,Grant Dayton,29,1,1,0.5,4.94,29,0,6,0,0,0,23.2,19,13,13,5,12,1,20,0,0,0,102,85,5.74,1.31,7.2,1.9,4.6,7.6,1.67,Left,No
18,2017,,Julio Urías,20,0,2,0.0,5.4,5,5,0,0,0,0,23.1,23,15,14,1,14,1,11,1,1,1,102,78,4.7,1.586,8.9,0.4,5.4,4.2,0.79,Left,No
19,2017,,Tony Watson,32,2,1,0.667,2.7,24,0,1,0,0,0,20.0,15,6,6,2,6,3,18,2,0,0,82,156,3.86,1.05,6.8,0.9,2.7,8.1,3.0,Left,No
20,2017,,Tony Cingrani,27,0,0,0.0,2.79,22,0,8,0,0,0,19.1,15,8,6,1,6,0,28,0,0,3,77,150,1.86,1.086,7.0,0.5,2.8,13.0,4.67,Left,No
21,2017,,Josh Ravin,29,0,1,0.0,6.48,14,0,3,0,0,1,16.2,12,12,12,4,9,1,19,1,0,0,71,65,5.8,1.26,6.5,2.2,4.9,10.3,2.11,Right,No
22,2017,,Walker Buehler,22,1,0,1.0,7.71,8,0,2,0,0,0,9.1,11,8,8,2,8,1,12,0,0,1,44,56,5.94,2.036,10.6,1.9,7.7,11.6,1.5,Right,No
23,2017,,Edward Paredes,30,1,0,1.0,3.24,10,0,1,0,0,0,8.1,8,3,3,1,0,0,11,0,0,0,31,133,2.08,0.96,8.6,1.1,0.0,11.9,0.0,Left,No
24,2017,,Wilmer Font,27,0,0,0.0,17.18,3,0,2,0,0,0,3.2,7,7,7,2,4,0,3,0,0,0,22,26,11.89,3.0,17.2,4.9,9.8,7.4,0.75,Right,No
25,2017,,Adam Liberatore,30,0,0,0.0,2.7,4,0,1,0,0,0,3.1,3,1,1,0,2,0,5,0,0,0,15,170,1.96,1.5,8.1,0.0,5.4,13.5,2.5,Left,No
26,2017,,Fabio Castillo,28,0,0,0.0,13.5,2,0,0,0,0,0,1.1,3,2,2,0,1,0,2,0,0,1,8,39,2.41,3.0,20.3,0.0,6.8,13.5,2.0,Right,No
1,2016,SP,Kenta Maeda,28,16,11,0.593,3.48,32,32,0,0,0,0,175.2,150,72,68,20,50,6,179,8,0,6,716,115,3.58,1.139,7.7,1.0,2.6,9.2,3.58,Right,No
2,2016,SP,Clayton Kershaw,28,12,4,0.75,1.69,21,21,0,3,3,0,149.0,97,31,28,8,11,1,172,2,3,5,544,237,1.8,0.725,5.9,0.5,0.7,10.4,15.64,Left,No
3,2016,SP,Scott Kazmir,32,10,6,0.625,4.56,26,26,0,0,0,0,136.1,133,71,69,21,52,3,134,7,0,5,590,88,4.48,1.357,8.8,1.4,3.4,8.8,2.58,Left,No
4,2016,SP,Ross Stripling,26,5,9,0.357,3.96,22,14,4,0,0,0,100.0,96,46,44,10,30,3,74,1,0,6,419,102,3.9,1.26,8.6,0.9,2.7,6.7,2.47,Right,No
5,2016,SP,Julio Urías,19,5,2,0.714,3.39,18,15,1,0,0,0,77.0,81,32,29,5,31,0,84,4,0,3,336,119,3.17,1.455,9.5,0.6,3.6,9.8,2.71,Left,No
6,2016,CL,Kenley Jansen,28,3,2,0.6,1.83,71,0,63,0,0,47,68.2,35,14,14,4,11,2,104,2,0,1,251,219,1.44,0.67,4.6,0.5,1.4,13.6,9.45,Right,No
7,2016,RP,Joe Blanton,35,7,2,0.778,2.48,75,0,15,0,0,0,80.0,55,23,22,7,26,4,80,2,0,3,315,163,3.33,1.013,6.2,0.8,2.9,9.0,3.08,Right,No
8,2016,RP,Pedro Báez,28,3,2,0.6,3.04,73,0,10,0,0,0,74.0,52,27,25,11,22,0,83,2,2,3,295,132,3.81,1.0,6.3,1.3,2.7,10.1,3.77,Right,No
9,2016,RP,J.P. Howell,33,1,1,0.5,4.09,64,0,11,0,0,0,50.2,56,23,23,4,15,2,44,3,0,3,220,99,3.5,1.401,9.9,0.7,2.7,7.8,2.93,Left,No
10,2016,RP,Louis Coleman,30,2,1,0.667,4.69,61,0,11,0,0,0,48.0,45,27,25,5,24,2,45,3,0,3,211,86,4.31,1.438,8.4,0.9,4.5,8.4,1.88,Right,No
11,2016,,Alex Wood,25,1,4,0.2,3.73,14,10,0,0,0,0,60.1,56,30,25,5,20,0,66,3,0,4,255,108,3.18,1.26,8.4,0.7,3.0,9.8,3.3,Left,No
12,2016,,Adam Liberatore,29,2,2,0.5,3.38,58,0,9,0,0,0,42.2,34,16,16,2,17,4,47,2,0,1,176,120,2.89,1.195,7.2,0.4,3.6,9.9,2.76,Left,No
13,2016,,Bud Norris,31,3,3,0.5,6.54,13,9,1,0,0,0,42.2,48,33,31,8,21,3,42,1,0,4,194,62,5.16,1.617,10.1,1.7,4.4,8.9,2.0,Right,No
14,2016,,Chris Hatcher,31,5,4,0.556,5.53,37,0,10,0,0,0,40.2,40,26,25,8,21,4,43,1,0,4,181,73,5.21,1.5,8.9,1.8,4.6,9.5,2.05,Right,No
15,2016,,Brandon McCarthy,32,2,3,0.4,4.95,10,9,0,0,0,0,40.0,29,24,22,2,26,1,44,2,0,2,171,82,3.7,1.375,6.5,0.5,5.9,9.9,1.69,Right,No
16,2016,,Rich Hill,36,3,2,0.6,1.83,6,6,0,0,0,0,34.1,22,7,7,2,5,0,39,0,0,0,128,221,2.07,0.786,5.8,0.5,1.3,10.2,7.8,Left,No
17,2016,,Brock Stewart,24,2,2,0.5,5.79,7,5,0,0,0,0,28.0,33,18,18,7,12,1,25,0,0,0,126,70,5.9,1.607,10.6,2.3,3.9,8.0,2.08,Right,No
18,2016,,Mike Bolsinger,28,1,4,0.2,6.83,6,6,0,0,0,0,27.2,33,21,21,7,9,1,25,2,0,0,122,59,5.82,1.518,10.7,2.3,2.9,8.1,2.78,Right,No
19,2016,,Grant Dayton,28,0,1,0.0,2.05,25,0,0,0,0,0,26.1,14,7,6,4,6,0,39,1,0,0,101,198,2.96,0.759,4.8,1.4,2.1,13.3,6.5,Left,No
20,2016,,Jesse Chavez,32,1,0,1.0,4.21,23,0,3,0,0,0,25.2,28,14,12,3,8,3,21,0,0,0,109,97,3.96,1.403,9.8,1.1,2.8,7.4,2.63,Right,No
21,2016,,Casey Fien,32,0,1,0.0,4.21,25,0,5,0,0,0,25.2,24,12,12,8,7,3,23,0,0,0,106,97,6.22,1.208,8.4,2.8,2.5,8.1,3.29,Right,No
22,2016,,Luis Avilán,26,3,0,1.0,3.2,27,0,3,0,0,0,19.2,12,8,7,0,10,4,28,2,0,1,82,127,2.13,1.119,5.5,0.0,4.6,12.8,2.8,Left,No
23,2016,,Josh Fields,30,1,0,1.0,2.79,22,0,5,0,0,0,19.1,20,8,6,2,8,2,22,1,0,0,87,146,3.61,1.448,9.3,0.9,3.7,10.2,2.75,Right,No
24,2016,,José De León,23,2,0,1.0,6.35,4,4,0,0,0,0,17.0,19,17,12,5,7,1,15,3,0,0,80,64,6.97,1.529,10.1,2.6,3.7,7.9,2.14,Right,No
25,2016,,Brett Anderson,28,1,2,0.333,11.91,4,3,0,0,0,0,11.1,25,15,15,4,4,0,5,0,0,2,62,35,7.91,2.559,19.9,3.2,3.2,4.0,1.25,Left,No
26,2016,,Josh Ravin,28,0,0,0.0,0.93,10,0,4,0,0,0,9.2,2,1,1,1,4,0,13,0,0,2,35,447,3.04,0.621,1.9,0.9,3.7,12.1,3.25,Right,No
27,2016,,Yimi García,25,0,0,0.0,3.24,9,0,1,0,0,0,8.1,9,3,3,0,1,0,4,1,0,0,35,129,2.91,1.2,9.7,0.0,1.1,4.3,4.0,Right,No
28,2016,,Hyun Jin Ryu,29,0,1,0.0,11.57,1,1,0,0,0,0,4.2,8,6,6,1,2,1,4,0,0,0,24,37,5.5,2.143,15.4,1.9,3.9,7.7,2.0,Left,No
29,2016,,Carlos Frías,26,0,0,0.0,0.0,1,0,1,0,0,0,4.0,2,0,0,0,1,0,3,0,0,0,15,0,2.4,0.75,4.5,0.0,2.3,6.8,3.0,Right,No
30,2016,,Nick Tepesch,27,0,1,0.0,11.25,1,1,0,0,0,0,4.0,7,5,5,1,0,0,3,0,0,0,19,39,4.9,1.75,15.8,2.3,0.0,6.8,0.0,Right,No
31,2016,,Chin-hui Tsao,35,0,1,0.0,5.4,2,0,2,0,0,0,1.2,1,1,1,0,3,0,0,0,0,0,9,91,8.55,2.4,5.4,0.0,16.2,0.0,0.0,Right,No
1,2015,SP,Clayton Kershaw,27,16,7,0.696,2.13,33,33,0,4,3,0,232.2,163,62,55,15,42,1,301,5,3,9,890,173,1.99,0.881,6.3,0.6,1.6,11.6,7.17,Left,No
2,2015,SP,Zack Greinke,31,19,3,0.864,1.66,32,32,0,1,0,0,222.2,148,43,41,14,40,1,200,5,0,7,843,222,2.76,0.844,6.0,0.6,1.6,8.1,5.0,Right,No
3,2015,SP,Brett Anderson,27,10,9,0.526,3.69,31,31,0,1,0,0,180.1,194,82,74,18,46,2,116,2,2,4,750,100,3.94,1.331,9.7,0.9,2.3,5.8,2.52,Left,No
4,2015,SP,Mike Bolsinger,27,6,6,0.5,3.62,21,21,0,0,0,0,109.1,104,49,44,11,45,3,98,1,1,6,466,102,3.91,1.363,8.6,0.9,3.7,8.1,2.18,Right,No
5,2015,SP,Carlos Frías,25,5,5,0.5,4.06,17,13,1,0,0,0,77.2,88,38,35,7,26,1,43,3,0,3,333,91,4.32,1.468,10.2,0.8,3.0,5.0,1.65,Right,No
6,2015,SP,Alex Wood,24,5,6,0.455,4.35,12,12,0,0,0,0,70.1,66,36,34,7,23,2,49,2,1,1,292,85,4.1,1.265,8.4,0.9,2.9,6.3,2.13,Left,No
7,2015,CL,Kenley Jansen,27,2,1,0.667,2.41,54,0,50,0,0,36,52.1,33,14,14,6,8,0,80,2,0,0,200,154,2.14,0.783,5.7,1.0,1.4,13.8,10.0,Right,No
8,2015,RP,Juan Nicasio,28,1,3,0.25,3.86,53,1,12,0,0,1,58.1,59,25,25,1,32,6,65,1,0,2,260,96,2.83,1.56,9.1,0.2,4.9,10.0,2.03,Right,No
9,2015,RP,Yimi García,24,3,5,0.375,3.34,59,1,15,0,0,1,56.2,44,23,21,8,10,1,68,2,0,1,225,111,3.2,0.953,7.0,1.3,1.6,10.8,6.8,Right,No
10,2015,RP,Pedro Báez,27,4,2,0.667,3.35,52,0,8,0,0,0,51.0,47,22,19,4,11,1,60,1,1,1,208,111,2.51,1.137,8.3,0.7,1.9,10.6,5.45,Right,No
11,2015,RP,J.P. Howell,32,6,1,0.857,1.43,65,0,18,0,0,1,44.0,47,9,7,3,14,1,39,2,1,3,190,259,3.34,1.386,9.6,0.6,2.9,8.0,2.79,Left,No
12,2015,,Chris Hatcher,30,3,5,0.375,3.69,49,0,12,0,0,4,39.0,35,19,16,4,13,2,45,3,0,3,166,101,3.39,1.231,8.1,0.9,3.0,10.4,3.46,Right,No
13,2015,,Adam Liberatore,28,2,2,0.5,4.25,39,0,5,0,0,0,29.2,26,14,14,3,9,4,29,0,0,1,122,88,3.4,1.18,7.9,0.9,2.7,8.8,3.22,Left,No
14,2015,,Joel Peralta,39,3,1,0.75,4.34,33,0,7,0,0,3,29.0,28,14,14,6,8,1,24,0,0,1,121,86,5.0,1.241,8.7,1.9,2.5,7.4,3.0,Right,No
15,2015,,Mat Latos,27,0,3,0.0,6.66,6,5,1,0,0,0,24.1,31,19,18,3,6,1,18,0,1,1,106,56,4.0,1.521,11.5,1.1,2.2,6.7,3.0,Right,No
16,2015,,Brandon McCarthy,31,3,0,1.0,5.87,4,4,0,0,0,0,23.0,24,15,15,9,4,0,29,0,0,0,94,64,6.22,1.217,9.4,3.5,1.6,11.3,7.25,Right,No
17,2015,,Jim Johnson,32,0,3,0.0,10.13,23,0,2,0,0,1,18.2,32,22,21,3,6,0,17,4,0,1,95,37,5.01,2.036,15.4,1.4,2.9,8.2,2.83,Right,No
18,2015,,Ian Thomas,28,1,1,0.5,4.0,9,1,3,0,0,0,18.0,16,8,8,1,6,0,18,0,0,0,73,94,2.86,1.222,8.0,0.5,3.0,9.0,3.0,Left,No
19,2015,,Luis Avilán,25,0,1,0.0,5.17,23,0,2,0,0,0,15.2,13,9,9,2,5,0,18,1,0,1,66,73,3.64,1.149,7.5,1.1,2.9,10.3,3.6,Left,No
20,2015,,Sergio Santos,31,0,0,0.0,4.73,12,0,6,0,0,0,13.1,13,7,7,2,7,1,15,0,0,4,61,80,4.41,1.5,8.8,1.4,4.7,10.1,2.14,Right,No
21,2015,,Scott Baker,33,0,1,0.0,5.73,2,2,0,0,0,0,11.0,11,7,7,4,3,0,8,0,0,1,45,67,7.22,1.273,9.0,3.3,2.5,6.5,2.67,Right,No
22,2015,,Paco Rodríguez,24,0,0,0.0,2.61,18,0,4,0,0,0,10.1,10,3,3,0,3,0,8,0,0,0,42,146,2.46,1.258,8.7,0.0,2.6,7.0,2.67,Left,No
23,2015,,Josh Ravin,27,2,1,0.667,6.75,9,0,4,0,0,0,9.1,13,7,7,3,4,0,12,1,0,1,47,57,6.35,1.821,12.5,2.9,3.9,11.6,3.0,Right,No
24,2015,,Joe Wieland,25,0,1,0.0,8.31,2,2,0,0,0,0,8.2,10,8,8,2,5,1,4,0,0,0,40,46,6.94,1.731,10.4,2.1,5.2,4.2,0.8,Right,No
25,2015,,Danny Coulombe,25,0,0,0.0,7.56,5,0,3,0,0,0,8.1,9,7,7,0,6,0,7,0,0,1,40,51,3.61,1.8,9.7,0.0,6.5,7.6,1.17,Left,No
26,2015,,Brandon Beachy,28,0,1,0.0,7.88,2,2,0,0,0,0,8.0,10,7,7,1,6,2,5,0,0,0,39,49,5.76,2.0,11.3,1.1,6.8,5.6,0.83,Right,No
27,2015,,Chin-hui Tsao,34,1,1,0.5,10.29,5,0,0,0,0,0,7.0,15,9,8,3,3,1,7,0,0,0,37,38,7.99,2.571,19.3,3.9,3.9,9.0,2.33,Right,No
28,2015,,David Huff,30,0,0,0.0,9.0,3,1,1,0,0,0,6.0,11,6,6,2,1,0,4,1,0,0,30,44,7.13,2.0,16.5,3.0,1.5,6.0,4.0,Left,No
29,2015,,Zach Lee,23,0,1,0.0,13.5,1,1,0,0,0,0,4.2,11,7,7,1,1,0,3,0,0,0,24,30,5.28,2.571,21.2,1.9,1.9,5.8,3.0,Right,No
30,2015,,Eric Surkamp,27,0,0,0.0,10.8,1,0,0,0,0,0,3.1,4,4,4,2,1,0,4,2,0,0,16,38,11.23,1.5,10.8,5.4,2.7,10.8,4.0,Left,No
31,2015,,Matt West,26,0,0,0.0,0.0,2,0,2,0,0,0,3.0,2,0,0,0,1,0,2,0,0,0,11,0,2.8,1.0,6.0,0.0,3.0,6.0,2.0,Right,No
1,2014,SP,Zack Greinke,30,17,8,0.68,2.71,32,32,0,0,0,0,202.1,190,69,61,19,43,3,207,2,0,12,821,129,2.97,1.152,8.5,0.8,1.9,9.2,4.81,Right,No
2,2014,SP,Clayton Kershaw,26,21,3,0.875,1.77,27,27,0,6,2,0,198.1,139,42,39,9,31,0,239,2,2,7,749,197,1.81,0.857,6.3,0.4,1.4,10.8,7.71,Left,No
3,2014,SP,Dan Haren,33,13,11,0.542,4.02,32,32,0,0,0,0,186.0,183,101,83,27,36,7,145,3,1,8,776,87,4.09,1.177,8.9,1.3,1.7,7.0,4.03,Right,No
4,2014,SP,Hyun Jin Ryu,27,14,7,0.667,3.38,26,26,0,0,0,0,152.0,152,60,57,8,29,2,139,3,0,2,631,103,2.62,1.191,9.0,0.5,1.7,8.2,4.79,Left,No
5,2014,SP,Josh Beckett,34,6,6,0.5,2.88,20,20,0,1,1,0,115.2,96,41,37,17,39,2,107,5,0,1,475,121,4.33,1.167,7.5,1.3,3.0,8.3,2.74,Right,No
6,2014,CL,Kenley Jansen,26,2,3,0.4,2.76,68,0,57,0,0,44,65.1,55,20,20,5,19,2,101,0,0,2,268,127,1.91,1.133,7.6,0.7,2.6,13.9,5.32,Right,No
7,2014,RP,Jamey Wright,39,5,4,0.556,4.35,61,1,22,0,0,1,70.1,72,35,34,3,27,4,54,4,0,5,308,80,3.47,1.408,9.2,0.4,3.5,6.9,2.0,Right,No
8,2014,RP,Brandon League,31,2,3,0.4,2.57,63,0,12,0,0,0,63.0,65,23,18,0,27,5,38,4,0,4,273,136,3.4,1.46,9.3,0.0,3.9,5.4,1.41,Right,No
9,2014,RP,J.P. Howell,31,3,3,0.5,2.39,68,0,8,0,0,0,49.0,31,14,13,2,25,1,48,1,0,3,199,147,3.3,1.143,5.7,0.4,4.6,8.8,1.92,Left,No
10,2014,RP,Brian Wilson,32,2,4,0.333,4.66,61,0,6,0,0,1,48.1,49,26,25,5,29,3,54,4,0,1,223,75,4.29,1.614,9.1,0.9,5.4,10.1,1.86,Right,No
11,2014,,Paul Maholm,32,1,5,0.167,4.84,30,8,7,0,0,0,70.2,82,44,38,8,28,3,34,3,1,2,311,72,4.96,1.557,10.4,1.0,3.6,4.3,1.21,Left,No
12,2014,,Chris Perez,28,1,3,0.25,4.27,49,0,15,0,0,1,46.1,38,23,22,6,25,0,39,5,0,4,200,82,5.07,1.36,7.4,1.2,4.9,7.6,1.56,Right,No
13,2014,,Roberto Hernández,33,2,3,0.4,4.74,9,9,0,0,0,0,43.2,48,27,23,8,18,0,30,2,0,1,195,74,5.51,1.511,9.9,1.6,3.7,6.2,1.67,Right,No
14,2014,,Carlos Frías,24,1,1,0.5,6.12,15,2,7,0,0,0,32.1,33,22,22,4,7,1,29,0,0,2,137,58,3.6,1.237,9.2,1.1,1.9,8.1,4.14,Right,No
15,2014,,Kevin Correia,33,2,4,0.333,8.03,9,3,3,0,0,0,24.2,34,28,22,7,8,1,18,0,0,4,115,44,6.33,1.703,12.4,2.6,2.9,6.6,2.25,Right,No
16,2014,,Pedro Báez,26,0,0,0.0,2.63,20,0,8,0,0,0,24.0,16,7,7,3,5,1,18,0,0,0,92,135,3.88,0.875,6.0,1.1,1.9,6.8,3.6,Right,No
17,2014,,Chris Withrow,25,0,0,0.0,2.95,20,0,0,0,0,0,21.1,10,8,7,1,18,0,28,1,0,4,90,120,3.79,1.313,4.2,0.4,7.6,11.8,1.56,Right,No
18,2014,,Paco Rodríguez,23,1,0,1.0,3.86,19,0,1,0,0,0,14.0,12,6,6,1,4,0,14,0,0,0,53,93,2.92,1.143,7.7,0.6,2.6,9.0,3.5,Left,No
19,2014,,Yimi García,23,0,0,0.0,1.8,8,0,5,0,0,0,10.0,6,2,2,2,1,0,9,0,0,0,36,202,4.23,0.7,5.4,1.8,0.9,8.1,9.0,Right,No
20,2014,,José Domínguez,23,0,0,0.0,11.37,5,0,2,0,0,0,6.1,7,8,8,2,3,0,8,1,0,0,30,33,6.61,1.579,9.9,2.8,4.3,11.4,2.67,Right,No
21,2014,,Stephen Fife,27,0,0,0.0,6.0,1,1,0,0,0,0,6.0,7,4,4,3,1,0,5,1,0,0,27,62,8.97,1.333,10.5,4.5,1.5,7.5,5.0,Right,No
22,2014,,Red Patterson,27,0,0,0.0,1.93,1,1,0,0,0,0,4.2,2,1,1,0,3,0,1,0,0,0,19,197,4.63,1.071,3.9,0.0,5.8,1.9,0.33,Right,No
23,2014,,Danny Coulombe,24,0,0,0.0,4.15,5,0,0,0,0,0,4.1,5,3,2,1,2,0,4,0,0,2,22,92,5.67,1.615,10.4,2.1,4.2,8.3,2.0,Left,No
24,2014,,Scott Elbert,28,1,0,1.0,2.08,7,0,0,0,0,0,4.1,4,1,1,0,1,0,2,0,0,0,18,185,2.9,1.154,8.3,0.0,2.1,4.2,2.0,Left,No
25,2014,,Drew Butera,30,0,0,0.0,10.8,2,0,2,0,0,0,1.2,2,2,2,1,0,0,2,0,0,0,7,41,8.53,1.2,10.8,5.4,0.0,10.8,0.0,Right,No
1,2013,SP,Clayton Kershaw,25,16,9,0.64,1.83,33,33,0,3,2,0,236.0,164,55,48,11,52,2,232,3,2,12,908,194,2.39,0.915,6.3,0.4,2.0,8.8,4.46,Left,No
2,2013,SP,Hyun Jin Ryu,26,14,8,0.636,3.0,30,30,0,2,1,0,192.0,182,67,64,15,49,4,154,1,0,5,783,119,3.24,1.203,8.5,0.7,2.3,7.2,3.14,Left,No
3,2013,SP,Zack Greinke,29,15,4,0.789,2.63,28,28,0,1,1,0,177.2,152,54,52,13,46,1,148,7,0,5,717,135,3.23,1.114,7.7,0.7,2.3,7.5,3.22,Right,No
4,2013,SP,Chris Capuano,34,4,7,0.364,4.26,24,20,0,0,0,0,105.2,125,57,50,11,24,5,81,0,0,5,457,84,3.55,1.41,10.6,0.9,2.0,6.9,3.38,Left,No
5,2013,SP,Ricky Nolasco,30,8,3,0.727,3.52,16,15,0,0,0,0,87.0,83,40,34,6,21,0,75,6,0,1,366,101,3.15,1.195,8.6,0.6,2.2,7.8,3.57,Right,No
6,2013,CL,Kenley Jansen,25,4,3,0.571,1.88,75,0,45,0,0,28,76.2,48,16,16,6,18,1,111,3,0,2,292,190,1.99,0.861,5.6,0.7,2.1,13.0,6.17,Right,No
7,2013,RP,Ronald Belisario,30,5,7,0.417,3.97,77,0,12,0,0,1,68.0,72,34,30,3,28,10,49,5,0,3,300,90,3.64,1.471,9.5,0.4,3.7,6.5,1.75,Right,No
8,2013,RP,J.P. Howell,30,4,1,0.8,2.03,67,0,6,0,0,0,62.0,42,14,14,2,23,3,54,1,0,3,246,176,2.89,1.048,6.1,0.3,3.3,7.8,2.35,Left,No
9,2013,RP,Paco Rodríguez,22,3,4,0.429,2.32,76,0,11,0,0,2,54.1,30,15,14,5,19,4,63,2,0,3,208,154,3.08,0.902,5.0,0.8,3.1,10.4,3.32,Left,No
10,2013,RP,Brandon League,30,6,4,0.6,5.3,58,0,35,0,0,14,54.1,69,37,32,8,15,1,28,3,0,9,249,68,4.93,1.546,11.4,1.3,2.5,4.6,1.87,Right,No
11,2013,,Stephen Fife,26,4,4,0.5,3.86,12,10,0,0,0,0,58.1,69,29,25,7,20,2,45,5,0,6,258,93,4.35,1.526,10.6,1.1,3.1,6.9,2.25,Right,No
12,2013,,Josh Beckett,33,0,5,0.0,5.19,8,8,0,1,0,0,43.1,50,30,25,8,15,2,41,1,0,0,195,69,4.66,1.5,10.4,1.7,3.1,8.5,2.73,Right,No
13,2013,,Chris Withrow,24,3,0,1.0,2.6,26,0,4,0,0,1,34.2,20,10,10,5,13,0,43,0,0,2,134,139,3.57,0.952,5.2,1.3,3.4,11.2,3.31,Right,No
14,2013,,Matt Guerrier,34,2,3,0.4,4.8,34,0,5,0,0,0,30.0,32,18,16,3,12,2,21,1,0,0,130,75,4.25,1.467,9.6,0.9,3.6,6.3,1.75,Right,No
15,2013,,Edinson Volquez,29,0,2,0.0,4.18,6,5,0,0,0,0,28.0,25,14,13,5,8,0,26,0,0,5,118,86,4.37,1.179,8.0,1.6,2.6,8.4,3.25,Right,No
16,2013,,Matt Magill,23,0,2,0.0,6.51,6,6,0,0,0,0,27.2,27,25,20,6,28,1,26,1,0,1,137,55,7.13,1.988,8.8,2.0,9.1,8.5,0.93,Right,No
17,2013,,Ted Lilly,37,0,2,0.0,5.09,5,5,0,0,0,0,23.0,27,16,13,4,10,0,18,1,0,0,109,71,5.18,1.609,10.6,1.6,3.9,7.0,1.8,Left,No
18,2013,,Carlos Marmol,30,0,0,0.0,2.53,21,0,8,0,0,0,21.1,14,7,6,1,19,2,27,1,1,3,96,143,3.94,1.547,5.9,0.4,8.0,11.4,1.42,Right,No
19,2013,,Peter Moylan,34,1,0,1.0,6.46,14,0,7,0,0,0,15.1,23,11,11,3,7,1,6,0,0,0,70,57,6.18,1.957,13.5,1.8,4.1,3.5,0.86,Right,No
20,2013,,Brian Wilson,31,2,1,0.667,0.66,18,0,8,0,0,0,13.2,8,1,1,0,4,0,13,0,0,0,49,556,2.02,0.878,5.3,0.0,2.6,8.6,3.25,Right,No
21,2013,,Chad Billingsley,28,1,0,1.0,3.0,2,2,0,0,0,0,12.0,12,4,4,1,5,0,6,0,0,0,49,123,4.38,1.417,9.0,0.8,3.8,4.5,1.2,Right,No
22,2013,,Javy Guerra,27,0,0,0.0,6.75,9,0,5,0,0,0,10.2,15,9,8,1,6,0,12,1,0,0,55,55,3.99,1.969,12.7,0.8,5.1,10.1,2.0,Right,No
23,2013,,José Domínguez,22,0,0,0.0,2.16,9,0,2,0,0,0,8.1,11,3,2,0,3,0,4,1,0,1,39,173,3.53,1.68,11.9,0.0,3.2,4.3,1.33,Right,No
24,2013,,Josh Wall,26,0,1,0.0,18.0,6,0,4,0,0,0,7.0,17,14,14,2,6,3,7,0,0,0,44,21,7.33,3.286,21.9,2.6,7.7,9.0,1.17,Right,No
25,2013,,Skip Schumaker,33,0,0,0.0,0.0,2,0,2,0,0,0,2.0,3,0,0,0,3,0,1,0,0,0,12,0,6.55,3.0,13.5,0.0,13.5,4.5,0.33,Right,No
26,2013,,Onelki García,23,0,0,0.0,13.5,3,0,1,0,0,0,1.1,1,2,2,1,4,0,1,0,0,0,9,35,20.3,3.75,6.8,6.8,27.0,6.8,0.25,Left,No
27,2013,,Shawn Tolleson,25,0,0,0.0,0.0,1,0,0,0,0,0,0.0,0,0,0,0,2,0,0,0,0,0,2,0,0.0,0.0,0.0,0.0,0.0,0.0,0.0,Right,No
1,2012,SP,Clayton Kershaw,24,14,9,0.609,2.53,33,33,0,2,2,0,227.2,170,70,64,16,63,5,229,5,2,6,901,150,2.89,1.023,6.7,0.6,2.5,9.1,3.63,Left,No
2,2012,SP,Chris Capuano,33,12,12,0.5,3.72,33,33,0,0,0,0,198.1,188,91,82,25,54,4,162,2,0,6,817,102,3.95,1.22,8.5,1.1,2.5,7.4,3.0,Left,No
3,2012,SP,Aaron Harang,34,10,10,0.5,3.61,31,31,0,0,0,0,179.2,167,85,72,14,85,10,131,4,0,4,786,105,4.13,1.403,8.4,0.7,4.3,6.6,1.54,Right,No
4,2012,SP,Chad Billingsley,27,10,9,0.526,3.55,25,25,0,0,0,0,149.2,148,66,59,11,45,2,128,5,0,5,634,107,3.34,1.29,8.9,0.7,2.7,7.7,2.84,Right,No
5,2012,CL,Kenley Jansen,24,5,3,0.625,2.35,65,0,40,0,0,25,65.0,33,18,17,6,22,1,99,3,0,3,252,162,2.4,0.846,4.6,0.8,3.0,13.7,4.5,Right,No
6,2012,RP,Ronald Belisario,29,8,1,0.889,2.54,68,0,13,0,0,1,71.0,47,22,20,3,29,4,69,4,0,1,286,150,3.09,1.07,6.0,0.4,3.7,8.7,2.38,Right,No
7,2012,RP,Jamey Wright,37,5,3,0.625,3.72,66,0,22,0,0,0,67.2,72,35,28,2,30,7,54,4,0,2,306,102,3.39,1.507,9.6,0.3,4.0,7.2,1.8,Right,No
8,2012,RP,Josh Lindblom,25,2,2,0.5,3.02,48,0,12,0,0,0,47.2,42,16,16,9,18,0,43,3,0,1,197,127,5.07,1.259,7.9,1.7,3.4,8.1,2.39,Right,No
9,2012,RP,Javy Guerra,26,2,3,0.4,2.6,45,0,17,0,0,8,45.0,44,13,13,1,23,5,37,1,0,1,196,147,3.34,1.489,8.8,0.2,4.6,7.4,1.61,Right,No
10,2012,,Joe Blanton,31,2,4,0.333,4.99,10,10,0,0,0,0,57.2,66,32,32,7,16,3,51,0,0,1,246,76,3.74,1.422,10.3,1.1,2.5,8.0,3.19,Right,No
11,2012,,Nathan Eovaldi,22,1,6,0.143,4.15,10,10,0,0,0,0,56.1,63,27,26,5,20,2,34,0,0,1,241,92,4.11,1.473,10.1,0.8,3.2,5.4,1.7,Right,No
12,2012,,Ted Lilly,36,5,1,0.833,3.14,8,8,0,0,0,0,48.2,36,23,17,3,19,1,31,2,0,3,202,122,3.92,1.13,6.7,0.6,3.5,5.7,1.63,Left,No
13,2012,,Josh Beckett,32,2,3,0.4,2.93,7,7,0,0,0,0,43.0,43,16,14,5,14,4,38,0,0,1,183,131,3.81,1.326,9.0,1.0,2.9,8.0,2.71,Right,No
14,2012,,Shawn Tolleson,24,3,1,0.75,4.3,40,0,12,0,0,0,37.2,30,19,18,4,20,1,39,1,0,0,160,89,4.08,1.327,7.2,1.0,4.8,9.3,1.95,Right,No
15,2012,,Scott Elbert,26,1,1,0.5,2.2,43,0,12,0,0,0,32.2,27,8,8,3,13,1,29,1,0,3,133,174,3.8,1.224,7.4,0.8,3.6,8.0,2.23,Left,No
16,2012,,Brandon League,29,2,1,0.667,2.3,28,0,15,0,0,6,27.1,17,7,7,0,14,4,27,1,0,1,108,167,2.76,1.134,5.6,0.0,4.6,8.9,1.93,Right,No
17,2012,,Stephen Fife,25,0,2,0.0,2.7,5,5,0,0,0,0,26.2,25,8,8,2,12,0,20,2,0,4,115,143,4.14,1.388,8.4,0.7,4.1,6.8,1.67,Right,No
18,2012,,Todd Coffey,31,1,0,1.0,4.66,23,0,5,0,0,0,19.1,17,11,10,1,9,1,18,2,0,1,83,83,3.61,1.345,7.9,0.5,4.2,8.4,2.0,Right,No
19,2012,,Matt Guerrier,33,0,2,0.0,3.86,16,0,2,0,0,0,14.0,8,6,6,3,7,1,9,1,0,0,56,101,6.31,1.071,5.1,1.9,4.5,5.8,1.29,Right,No
20,2012,,Randy Choate,36,0,0,0.0,4.05,36,0,0,0,0,0,13.1,13,7,6,1,9,3,11,2,0,0,64,96,4.89,1.65,8.8,0.7,6.1,7.4,1.22,Left,No
21,2012,,Paco Rodríguez,21,0,1,0.0,1.35,11,0,2,0,0,0,6.2,3,1,1,0,4,1,6,0,0,0,26,298,3.09,1.05,4.1,0.0,5.4,8.1,1.5,Left,No
22,2012,,Mike MacDougal,35,0,0,0.0,7.94,7,0,1,0,0,0,5.2,9,5,5,0,6,0,4,0,0,0,32,51,4.86,2.647,14.3,0.0,9.5,6.4,0.67,Right,No
23,2012,,Josh Wall,25,1,0,1.0,4.76,7,0,6,0,0,0,5.2,3,3,3,1,1,0,4,1,0,2,21,85,5.04,0.706,4.8,1.6,1.6,6.4,4.0,Right,No
24,2012,,John Ely,26,0,2,0.0,20.25,2,0,1,0,0,0,2.2,6,6,6,0,4,2,3,1,0,0,19,22,6.47,3.75,20.3,0.0,13.5,10.1,0.75,Right,No
25,2012,,Rubby De La Rosa,23,0,0,0.0,27.0,1,0,0,0,0,0,0.2,0,2,2,0,2,0,0,0,0,0,4,23,12.09,3.0,0.0,0.0,27.0,0.0,0.0,Right,No
1,2011,SP,Clayton Kershaw,23,21,5,0.808,2.28,33,33,0,5,2,0,233.1,174,66,59,15,54,2,248,3,1,5,912,161,2.47,0.977,6.7,0.6,2.1,9.6,4.59,Left,No
2,2011,SP,Hiroki Kuroda,36,13,16,0.448,3.07,32,32,0,0,0,0,202.0,196,77,69,24,49,6,161,5,1,12,838,120,3.78,1.213,8.7,1.1,2.2,7.2,3.29,Right,No
3,2011,SP,Ted Lilly,35,12,14,0.462,3.97,33,33,0,0,0,0,192.2,172,88,85,28,51,8,158,9,2,2,800,93,4.21,1.157,8.0,1.3,2.4,7.4,3.1,Left,No
4,2011,SP,Chad Billingsley,26,11,11,0.5,4.21,32,32,0,1,0,0,188.0,189,98,88,14,84,4,152,7,0,5,829,87,3.83,1.452,9.0,0.7,4.0,7.3,1.81,Right,No
5,2011,CL,Javy Guerra,25,2,2,0.5,2.31,47,0,38,0,0,21,46.2,37,12,12,2,18,1,38,3,0,2,195,160,3.3,1.179,7.1,0.4,3.5,7.3,2.11,Right,No
6,2011,RP,Matt Guerrier,32,4,3,0.571,4.07,70,0,12,0,0,1,66.1,59,31,30,4,25,5,50,0,0,2,282,91,3.43,1.266,8.0,0.5,3.4,6.8,2.0,Right,No
7,2011,RP,Mike MacDougal,34,3,1,0.75,2.05,69,0,14,0,0,1,57.0,54,16,13,3,29,3,41,3,0,3,247,180,3.95,1.456,8.5,0.5,4.6,6.5,1.41,Right,No
8,2011,RP,Kenley Jansen,23,2,1,0.667,2.85,51,0,13,0,0,5,53.2,30,17,17,3,26,0,96,2,2,0,218,130,1.74,1.043,5.0,0.5,4.4,16.1,3.69,Right,No
9,2011,RP,Blake Hawksworth,28,2,5,0.286,4.08,49,0,12,0,0,0,53.0,45,29,24,6,17,3,43,0,0,5,219,91,3.84,1.17,7.6,1.0,2.9,7.3,2.53,Right,No
10,2011,,Rubby De La Rosa,22,4,5,0.444,3.71,13,10,2,0,0,0,60.2,54,26,25,6,31,3,60,0,0,3,254,100,3.87,1.401,8.0,0.9,4.6,8.9,1.94,Right,No
11,2011,,Jon Garland,31,1,5,0.167,4.33,9,9,0,1,0,0,54.0,55,26,26,6,20,0,28,2,1,0,230,85,4.65,1.389,9.2,1.0,3.3,4.7,1.4,Right,No
12,2011,,Nathan Eovaldi,21,1,2,0.333,3.63,10,6,1,0,0,0,34.2,28,14,14,2,20,0,23,2,0,0,146,102,4.35,1.385,7.3,0.5,5.2,6.0,1.15,Right,No
13,2011,,Scott Elbert,25,0,1,0.0,2.43,47,0,11,0,0,2,33.1,27,9,9,1,14,4,34,1,0,2,139,153,2.73,1.23,7.3,0.3,3.8,9.2,2.43,Left,No
14,2011,,Dana Eveland,27,3,2,0.6,3.03,5,5,0,0,0,0,29.2,28,10,10,1,6,0,16,2,0,0,118,123,3.19,1.146,8.5,0.3,1.8,4.9,2.67,Left,No
15,2011,,Josh Lindblom,24,1,0,1.0,2.73,27,0,8,0,0,0,29.2,21,9,9,0,10,3,28,2,0,3,116,136,2.35,1.045,6.4,0.0,3.0,8.5,2.8,Right,No
16,2011,,Hung-Chih Kuo,29,1,2,0.333,9.0,40,0,5,0,0,0,27.0,24,29,27,4,23,2,36,2,0,2,127,41,5.06,1.741,8.0,1.3,7.7,12.0,1.57,Left,No
17,2011,,Ramon Troncoso,28,0,0,0.0,6.75,18,0,13,0,0,0,22.2,38,18,17,5,4,1,14,0,0,2,103,55,5.19,1.853,15.1,2.0,1.6,5.6,3.5,Right,No
18,2011,,Lance Cormier,30,0,1,0.0,9.88,9,0,8,0,0,0,13.2,22,17,15,4,5,0,7,0,0,2,70,38,6.9,1.976,14.5,2.6,3.3,4.6,1.4,Right,No
19,2011,,John Ely,25,0,1,0.0,4.26,5,1,1,0,0,0,12.2,12,6,6,2,7,1,13,0,0,0,56,89,4.68,1.5,8.5,1.4,5.0,9.2,1.86,Right,No
20,2011,,Jonathan Broxton,27,1,2,0.333,5.68,14,0,12,0,0,7,12.2,15,10,8,2,9,2,10,0,0,0,62,67,5.63,1.895,10.7,1.4,6.4,7.1,1.11,Right,No
21,2011,,Vicente Padilla,33,0,0,0.0,4.15,9,0,4,0,0,3,8.2,7,4,4,0,5,0,9,0,0,0,36,93,2.68,1.385,7.3,0.0,5.2,9.3,1.8,Right,No
1,2010,SP,Clayton Kershaw,22,13,10,0.565,2.91,32,32,0,1,1,0,204.1,160,73,66,13,81,9,212,7,2,5,848,133,3.12,1.179,7.0,0.6,3.6,9.3,2.62,Left,No
2,2010,SP,Hiroki Kuroda,35,11,13,0.458,3.39,31,31,0,0,0,0,196.1,180,87,74,15,48,13,159,5,0,12,810,114,3.26,1.161,8.3,0.7,2.2,7.3,3.31,Right,No
3,2010,SP,Chad Billingsley,25,12,11,0.522,3.57,31,31,0,1,1,0,191.2,176,82,76,8,69,7,171,10,0,4,817,109,3.07,1.278,8.3,0.4,3.2,8.0,2.48,Right,No
4,2010,SP,John Ely,24,4,10,0.286,5.49,18,18,0,0,0,0,100.0,105,63,61,12,40,2,76,2,0,4,430,71,4.38,1.45,9.5,1.1,3.6,6.8,1.9,Right,No
5,2010,SP,Vicente Padilla,32,6,5,0.545,4.07,16,16,0,1,1,0,95.0,79,46,43,14,24,4,84,7,1,0,389,95,4.21,1.084,7.5,1.3,2.3,8.0,3.5,Right,No
6,2010,SP,Ted Lilly,34,7,4,0.636,3.52,12,12,0,1,1,0,76.2,61,30,30,13,15,1,77,3,0,0,305,110,3.98,0.991,7.2,1.5,1.8,9.0,5.13,Left,No
7,2010,CL,Jonathan Broxton,26,5,6,0.455,4.04,64,0,46,0,0,22,62.1,64,30,28,4,28,5,73,2,0,1,271,96,3.01,1.476,9.2,0.6,4.0,10.5,2.61,Right,No
8,2010,RP,Hung-Chih Kuo,28,3,2,0.6,1.2,56,0,16,0,0,12,60.0,29,8,8,1,18,0,73,1,1,3,229,324,1.81,0.783,4.4,0.2,2.7,11.0,4.06,Left,No
9,2010,RP,Ronald Belisario,27,3,1,0.75,5.04,59,0,13,0,0,2,55.1,52,31,31,6,19,4,38,3,1,4,233,77,4.31,1.283,8.5,1.0,3.1,6.2,2.0,Right,No
10,2010,RP,Ramon Troncoso,27,2,3,0.4,4.33,52,0,13,0,0,0,54.0,55,28,26,7,18,5,34,3,0,2,234,90,4.67,1.352,9.2,1.2,3.0,5.7,1.89,Right,No
11,2010,RP,George Sherrill,33,2,2,0.5,6.69,65,0,12,0,0,0,36.1,46,28,27,4,24,4,25,1,0,1,180,58,5.2,1.927,11.4,1.0,5.9,6.2,1.04,Left,No
12,2010,,Carlos Monasterios,24,3,5,0.375,4.38,32,13,5,0,0,0,88.1,99,48,43,15,29,3,52,8,1,7,399,89,5.37,1.449,10.1,1.5,3.0,5.3,1.79,Right,No
13,2010,,Jeff Weaver,33,5,1,0.833,6.09,43,0,9,0,0,0,44.1,48,30,30,5,20,5,26,1,0,0,197,64,4.79,1.534,9.7,1.0,4.1,5.3,1.3,Right,No
14,2010,,Charlie Haeger,26,0,4,0.0,8.4,9,6,1,0,0,0,30.0,36,32,28,4,26,0,30,1,0,4,151,47,5.51,2.067,10.8,1.2,7.8,9.0,1.15,Right,No
15,2010,,Ramon Ortiz,37,1,2,0.333,6.3,16,2,3,0,0,0,30.0,33,22,21,5,16,2,21,0,1,1,135,62,5.45,1.633,9.9,1.5,4.8,6.3,1.31,Right,No
16,2010,,Kenley Jansen,22,1,0,1.0,0.67,25,0,8,0,0,4,27.0,12,2,2,0,15,1,41,1,0,1,109,588,1.82,1.0,4.0,0.0,5.0,13.7,2.73,Right,No
17,2010,,Justin Miller,32,0,0,0.0,4.44,19,0,7,0,0,0,24.1,22,12,12,4,8,2,30,3,1,2,103,88,4.11,1.233,8.1,1.5,3.0,11.1,3.75,Right,No
18,2010,,Travis Schlichting,25,1,0,1.0,3.57,14,0,6,0,0,0,22.2,20,9,9,0,10,2,14,0,0,1,98,110,3.17,1.324,7.9,0.0,4.0,5.6,1.4,Right,No
19,2010,,Octavio Dotel,36,1,1,0.5,3.38,19,0,12,0,0,1,18.2,11,7,7,3,11,3,21,0,0,3,78,117,4.69,1.179,5.3,1.4,5.3,10.1,1.91,Right,No
20,2010,,Jon Link,26,0,0,0.0,4.15,9,0,6,0,0,0,8.2,12,7,4,0,4,1,4,0,0,1,40,97,3.54,1.846,12.5,0.0,4.2,4.2,1.0,Right,No
21,2010,,James McDonald,25,0,1,0.0,8.22,4,1,0,0,0,0,7.2,11,7,7,1,5,1,7,0,0,0,38,49,4.91,2.087,12.9,1.2,5.9,8.2,1.4,Right,No
22,2010,,Russ Ortiz,36,0,1,0.0,10.29,6,0,1,0,0,0,7.0,10,8,8,0,5,1,6,0,0,1,35,40,3.51,2.143,12.9,0.0,6.4,7.7,1.2,Right,No
23,2010,,Scott Elbert,24,0,0,0.0,13.5,1,0,0,0,0,0,0.2,1,1,1,0,3,0,0,0,0,0,6,46,16.58,6.0,13.5,0.0,40.5,0.0,0.0,Left,No
24,2010,,Jack Taschner,32,0,0,0.0,27.0,3,0,0,0,0,0,0.1,1,1,1,0,3,0,0,0,0,1,6,31,30.08,12.0,27.0,0.0,81.0,0.0,0.0,Left,No
1,2009,SP,Randy Wolf,32,11,7,0.611,3.23,34,34,0,0,0,0,214.1,178,81,77,24,58,1,160,6,0,4,862,124,3.96,1.101,7.5,1.0,2.4,6.7,2.76,Left,No
2,2009,SP,Chad Billingsley,24,12,11,0.522,4.03,33,32,0,0,0,0,196.1,173,94,88,17,86,7,179,7,0,14,823,99,3.82,1.319,7.9,0.8,3.9,8.2,2.08,Right,No
3,2009,SP,Clayton Kershaw,21,8,8,0.5,2.79,31,30,1,0,0,0,171.0,119,55,53,7,91,4,185,1,2,11,701,143,3.08,1.228,6.3,0.4,4.8,9.7,2.03,Left,No
4,2009,SP,Hiroki Kuroda,34,8,7,0.533,3.76,21,20,0,0,0,0,117.1,110,59,49,12,24,1,87,1,0,5,485,106,3.58,1.142,8.4,0.9,1.8,6.7,3.63,Right,No
5,2009,CL,Jonathan Broxton,25,7,2,0.778,2.61,73,0,58,0,0,36,76.0,44,24,22,4,29,1,114,1,0,2,300,154,1.97,0.961,5.2,0.5,3.4,13.5,3.93,Right,No
6,2009,RP,Ramon Troncoso,26,5,4,0.556,2.72,73,0,20,0,0,6,82.2,83,30,25,3,34,9,55,3,0,4,357,147,3.58,1.415,9.0,0.3,3.7,6.0,1.62,Right,No
7,2009,RP,Ronald Belisario,26,4,3,0.571,2.04,69,0,13,0,0,0,70.2,52,21,16,4,29,7,64,6,0,4,299,197,3.51,1.146,6.6,0.5,3.7,8.2,2.21,Right,No
8,2009,RP,Guillermo Mota,35,3,4,0.429,3.44,61,0,27,0,0,0,65.1,53,25,25,6,24,8,39,5,0,3,273,116,4.43,1.179,7.3,0.8,3.3,5.4,1.63,Right,No
9,2009,RP,James McDonald,24,5,5,0.5,4.0,45,4,10,0,0,0,63.0,60,34,28,6,34,5,54,5,0,4,280,100,4.48,1.492,8.6,0.9,4.9,7.7,1.59,Right,No
10,2009,,Jeff Weaver,32,6,4,0.6,3.65,28,7,5,0,0,0,79.0,87,34,32,7,33,9,64,5,0,4,355,110,4.07,1.519,9.9,0.8,3.8,7.3,1.94,Right,No
11,2009,,Eric Stults,29,4,3,0.571,4.86,10,10,0,1,1,0,50.0,51,27,27,3,26,2,33,4,0,2,223,83,4.36,1.54,9.2,0.5,4.7,5.9,1.27,Left,No
12,2009,,Vicente Padilla,31,4,0,1.0,3.2,8,7,0,0,0,0,39.1,36,15,14,4,12,0,38,0,0,1,159,126,3.4,1.22,8.2,0.9,2.7,8.7,3.17,Right,No
13,2009,,Jon Garland,29,3,2,0.6,2.72,6,6,0,0,0,0,36.1,37,16,11,4,9,2,26,0,0,1,154,148,3.84,1.266,9.2,1.0,2.2,6.4,2.89,Right,No
14,2009,,Hung-Chih Kuo,27,2,0,1.0,3.0,35,0,2,0,0,0,30.0,21,10,10,2,13,2,32,2,0,5,124,135,3.33,1.133,6.3,0.6,3.9,9.6,2.46,Left,No
15,2009,,George Sherrill,32,1,0,1.0,0.65,30,0,1,0,0,1,27.2,19,2,2,1,11,2,22,0,0,1,111,621,3.17,1.084,6.2,0.3,3.6,7.2,2.0,Left,No
16,2009,,Cory Wade,26,2,3,0.4,5.53,27,0,2,0,0,0,27.2,28,17,17,3,10,3,18,1,0,4,121,73,4.4,1.373,9.1,1.0,3.3,5.9,1.8,Right,No
17,2009,,Eric Milton,33,2,1,0.667,3.8,5,5,0,0,0,0,23.2,30,12,10,2,6,0,20,2,0,0,108,107,3.52,1.521,11.4,0.8,2.3,7.6,3.33,Left,No
18,2009,,Brent Leach,26,2,0,1.0,5.75,38,0,6,0,0,0,20.1,16,13,13,3,12,3,19,1,0,5,88,71,5.06,1.377,7.1,1.3,5.3,8.4,1.58,Left,No
19,2009,,Scott Elbert,23,2,0,1.0,5.03,19,0,3,0,0,0,19.2,19,11,11,4,7,0,21,0,0,1,83,81,4.67,1.322,8.7,1.8,3.2,9.6,3.0,Left,No
20,2009,,Charlie Haeger,25,1,1,0.5,3.32,6,3,2,0,0,0,19.0,13,7,7,4,7,0,15,2,0,0,79,123,5.68,1.053,6.2,1.9,3.3,7.1,2.14,Right,No
21,2009,,Jason Schmidt,36,2,2,0.5,5.6,4,4,0,0,0,0,17.2,16,12,11,1,12,1,8,3,0,0,83,73,5.47,1.585,8.2,0.5,6.1,4.1,0.67,Right,No
22,2009,,Will Ohman,31,1,0,1.0,5.84,21,0,5,0,0,1,12.1,12,8,8,4,8,1,7,0,0,0,54,70,8.12,1.622,8.8,2.9,5.8,5.1,0.88,Left,No
23,2009,,Claudio Vargas,31,0,0,0.0,1.64,8,0,4,0,0,0,11.0,7,2,2,1,4,0,10,1,0,0,43,252,3.82,1.0,5.7,0.8,3.3,8.2,2.5,Right,No
24,2009,,Travis Schlichting,24,0,0,0.0,3.38,2,0,1,0,0,0,2.2,1,2,1,1,5,0,2,0,0,1,15,135,12.1,2.25,3.4,3.4,16.9,6.8,0.4,Right,No
25,2009,,Mark Loretta,37,0,0,0.0,0.0,1,0,1,0,0,0,0.1,0,0,0,0,0,0,0,1,0,0,2,0,12.1,0.0,0.0,0.0,0.0,0.0,0.0,Right,No
1,2008,SP,Derek Lowe,35,14,11,0.56,3.24,34,34,0,1,0,0,211.0,194,84,76,14,45,7,147,1,0,2,851,129,3.26,1.133,8.3,0.6,1.9,6.3,3.27,Right,No
2,2008,SP,Chad Billingsley,23,16,10,0.615,3.14,35,32,1,1,1,0,200.2,188,76,70,14,80,6,201,8,0,10,859,133,3.35,1.336,8.4,0.6,3.6,9.0,2.51,Right,No
3,2008,SP,Hiroki Kuroda,33,9,10,0.474,3.73,31,31,0,2,2,0,183.1,181,85,76,13,42,8,116,7,0,5,776,112,3.59,1.216,8.9,0.6,2.1,5.7,2.76,Right,No
4,2008,SP,Clayton Kershaw,20,5,5,0.5,4.26,22,21,0,0,0,0,107.2,109,51,51,11,52,3,100,1,0,7,470,98,4.08,1.495,9.1,0.9,4.3,8.4,1.92,Left,No
5,2008,SP,Brad Penny,30,6,9,0.4,6.27,19,17,1,0,0,0,94.2,112,68,66,13,42,0,51,3,1,1,426,67,5.27,1.627,10.6,1.2,4.0,4.8,1.21,Right,No
6,2008,CL,Takashi Saito,38,4,4,0.5,2.49,45,0,35,0,0,18,47.0,40,14,13,1,16,3,60,2,0,1,197,169,2.0,1.191,7.7,0.2,3.1,11.5,3.75,Right,No
7,2008,RP,Chan Ho Park,35,4,4,0.5,3.4,54,5,11,0,0,2,95.1,97,43,36,12,36,7,79,4,1,2,412,123,4.37,1.395,9.2,1.1,3.4,7.5,2.19,Right,No
8,2008,RP,Cory Wade,25,2,1,0.667,2.27,55,0,21,0,0,0,71.1,51,22,18,7,15,3,51,4,0,2,275,184,3.78,0.925,6.4,0.9,1.9,6.4,3.4,Right,No
9,2008,RP,Jonathan Broxton,24,3,5,0.375,3.13,70,0,32,0,0,14,69.0,54,29,24,2,27,5,88,3,0,3,285,134,2.26,1.174,7.0,0.3,3.5,11.5,3.26,Right,No
10,2008,RP,Joe Beimel,31,5,1,0.833,2.02,71,0,10,0,0,0,49.0,50,11,11,0,21,4,32,3,1,1,214,208,3.3,1.449,9.2,0.0,3.9,5.9,1.52,Left,No
11,2008,,Hung-Chih Kuo,26,5,3,0.625,2.14,42,3,10,0,0,1,80.0,60,21,19,4,21,2,96,3,1,1,323,196,2.28,1.013,6.8,0.5,2.4,10.8,4.57,Left,No
12,2008,,Greg Maddux,42,2,4,0.333,5.09,7,7,0,0,0,0,40.2,43,25,23,5,4,1,18,1,0,0,166,83,4.21,1.156,9.5,1.1,0.9,4.0,4.5,Right,No
13,2008,,Scott Proctor,31,2,0,1.0,6.05,41,0,11,0,0,0,38.2,41,30,26,7,24,1,46,0,0,6,184,70,4.97,1.681,9.5,1.6,5.6,10.7,1.92,Right,No
14,2008,,Eric Stults,28,2,3,0.4,3.49,7,7,0,1,1,0,38.2,38,18,15,6,13,2,30,1,0,0,167,120,4.68,1.319,8.8,1.4,3.0,7.0,2.31,Left,No
15,2008,,Ramon Troncoso,25,1,1,0.5,4.26,32,0,12,0,0,0,38.0,37,19,18,2,12,1,38,3,0,2,160,99,3.0,1.289,8.8,0.5,2.8,9.0,3.17,Right,No
16,2008,,Jason Johnson,34,1,2,0.333,5.22,16,2,5,0,0,0,29.1,32,19,17,5,12,3,20,2,0,3,130,81,5.42,1.5,9.8,1.5,3.7,6.1,1.67,Right,No
17,2008,,Esteban Loaiza,36,1,2,0.333,5.63,7,3,2,0,0,0,24.0,24,15,15,3,5,1,9,1,0,0,103,75,4.76,1.208,9.0,1.1,1.9,3.4,1.8,Right,No
18,2008,,Brian Falkenborg,30,2,2,0.5,6.17,16,0,2,0,0,0,11.2,11,8,8,2,4,1,9,0,0,0,49,70,4.85,1.286,8.5,1.5,3.1,6.9,2.25,Right,No
19,2008,,James McDonald,23,0,0,0.0,0.0,4,0,1,0,0,0,6.0,5,0,0,0,1,0,2,0,0,0,24,0,2.97,1.0,7.5,0.0,1.5,3.0,2.0,Right,No
20,2008,,Scott Elbert,22,0,1,0.0,12.0,10,0,1,0,0,0,6.0,9,8,8,2,4,0,8,1,0,0,31,37,7.3,2.167,13.5,3.0,6.0,12.0,2.0,Left,No
21,2008,,Yhency Brazobán,28,0,0,0.0,6.0,2,0,1,0,0,0,3.0,4,2,2,0,3,0,3,0,0,1,16,78,4.13,2.333,12.0,0.0,9.0,9.0,1.0,Right,No
22,2008,,Tanyon Sturtze,37,0,0,0.0,0.0,3,0,1,0,0,0,2.1,1,0,0,0,1,0,1,0,0,0,9,0,3.56,0.857,3.9,0.0,3.9,3.9,1.0,Right,No
1,2007,SP,Brad Penny,29,16,4,0.8,3.03,33,33,0,0,0,0,208.0,199,75,70,9,73,2,135,5,0,6,865,147,3.63,1.308,8.6,0.4,3.2,5.8,1.85,Right,No
2,2007,SP,Derek Lowe,34,12,14,0.462,3.88,33,32,0,3,0,0,199.1,194,100,86,20,59,2,147,1,1,3,831,114,3.97,1.269,8.8,0.9,2.7,6.6,2.49,Right,No
3,2007,SP,Randy Wolf,30,9,6,0.6,4.73,18,18,0,0,0,0,102.2,110,55,54,10,39,2,94,6,0,4,458,94,3.99,1.451,9.6,0.9,3.4,8.2,2.41,Left,No
4,2007,CL,Takashi Saito,37,2,1,0.667,1.4,63,0,55,0,0,39,64.1,33,10,10,5,13,0,78,3,0,0,234,319,2.57,0.715,4.6,0.7,1.8,10.9,6.0,Right,No
5,2007,RP,Chad Billingsley,22,12,5,0.706,3.31,43,20,6,1,0,0,147.0,131,56,54,15,64,3,141,3,0,5,623,135,4.02,1.327,8.0,0.9,3.9,8.6,2.2,Right,No
6,2007,RP,Jonathan Broxton,23,4,4,0.5,2.85,83,0,18,0,0,2,82.0,69,30,26,6,25,3,99,1,0,4,334,156,2.73,1.146,7.6,0.7,2.7,10.9,3.96,Right,No
7,2007,RP,Rudy Seanez,38,6,3,0.667,3.79,73,0,19,0,0,1,76.0,78,33,32,10,27,3,73,4,0,2,329,118,4.25,1.382,9.2,1.2,3.2,8.6,2.7,Right,No
8,2007,RP,Joe Beimel,30,4,2,0.667,3.88,83,0,10,0,0,1,67.1,63,30,29,1,24,6,39,1,2,3,281,115,3.39,1.292,8.4,0.1,3.2,5.2,1.63,Left,No
9,2007,,Mark Hendrickson,33,4,8,0.333,5.21,39,15,4,0,0,0,122.2,142,75,71,15,29,4,92,1,0,4,532,85,4.06,1.394,10.4,1.1,2.1,6.8,3.17,Left,No
10,2007,,Brett Tomko,34,2,11,0.154,5.8,33,15,8,0,0,0,104.0,124,75,67,13,42,1,79,2,0,3,475,77,4.62,1.596,10.7,1.1,3.6,6.8,1.88,Right,No
11,2007,,Eric Stults,27,1,4,0.2,5.82,12,5,0,0,0,0,38.2,50,26,25,5,17,2,30,1,0,2,179,77,4.77,1.733,11.6,1.2,4.0,7.0,1.76,Left,No
12,2007,,David Wells,44,4,1,0.8,5.12,7,7,0,0,0,0,38.2,45,23,22,5,9,1,19,0,0,0,162,87,4.64,1.397,10.5,1.2,2.1,4.4,2.11,Left,No
13,2007,,Scott Proctor,30,3,0,1.0,3.38,31,0,4,0,0,0,32.0,25,14,12,4,15,1,27,3,1,2,137,133,4.87,1.25,7.0,1.1,4.2,7.6,1.8,Right,No
14,2007,,Hung-Chih Kuo,25,1,4,0.2,7.42,8,6,1,0,0,0,30.1,35,26,25,3,14,0,27,1,0,1,140,60,4.23,1.615,10.4,0.9,4.2,8.0,1.93,Left,No
15,2007,,D.J. Houlton,27,0,2,0.0,4.18,18,0,8,0,0,0,28.0,28,14,13,5,7,0,21,0,0,0,113,107,4.81,1.25,9.0,1.6,2.3,6.8,3.0,Right,No
16,2007,,Jason Schmidt,34,1,4,0.2,6.31,6,6,0,0,0,0,25.2,32,20,18,4,14,2,22,1,0,2,125,71,5.3,1.792,11.2,1.4,4.9,7.7,1.57,Right,No
17,2007,,Chin-hui Tsao,26,0,1,0.0,4.38,21,0,6,0,0,0,24.2,18,12,12,3,8,0,16,1,0,0,97,103,4.62,1.054,6.6,1.1,2.9,5.8,2.0,Right,No
18,2007,,Esteban Loaiza,35,1,4,0.2,8.34,5,5,0,0,0,0,22.2,26,21,21,9,16,1,15,1,1,0,108,54,9.33,1.853,10.3,3.6,6.4,6.0,0.94,Right,No
19,2007,,Roberto Hernández,42,0,2,0.0,6.64,22,0,12,0,0,0,20.1,26,16,15,3,9,0,13,2,0,3,96,68,5.5,1.721,11.5,1.3,4.0,5.8,1.44,Right,No
20,2007,,Jon Meloan,22,0,0,0.0,11.05,5,0,3,0,0,0,7.1,8,9,9,1,8,0,7,1,0,0,38,42,6.79,2.182,9.8,1.2,9.8,8.6,0.88,Right,No
21,2007,,Eric Hull,27,0,0,0.0,4.05,5,0,3,0,0,0,6.2,4,3,3,0,3,0,5,0,0,0,27,115,3.09,1.05,5.4,0.0,4.1,6.8,1.67,Right,No
22,2007,,Yhency Brazobán,27,0,0,0.0,16.2,4,0,1,0,0,0,1.2,3,4,3,0,3,1,5,0,0,0,12,33,2.64,3.6,16.2,0.0,16.2,27.0,1.67,Right,No
1,2006,SP,Derek Lowe,33,16,8,0.667,3.63,35,34,1,1,0,0,218.0,221,97,88,14,55,2,123,5,2,3,913,124,3.68,1.266,9.1,0.6,2.3,5.1,2.24,Right,No
2,2006,SP,Brad Penny,28,16,9,0.64,4.33,34,33,0,0,0,0,189.0,206,94,91,19,54,4,148,9,0,6,813,104,3.89,1.376,9.8,0.9,2.6,7.0,2.74,Right,No
3,2006,SP,Aaron Sele,36,8,6,0.571,4.53,28,15,4,0,0,0,103.1,120,57,52,11,30,2,57,2,0,3,451,100,4.36,1.452,10.5,1.0,2.6,5.0,1.9,Right,No
4,2006,SP,Chad Billingsley,21,7,4,0.636,3.8,18,16,0,0,0,0,90.0,92,43,38,7,58,3,59,3,0,5,403,119,4.88,1.667,9.2,0.7,5.8,5.9,1.02,Right,No
5,2006,SP,Mark Hendrickson,32,2,7,0.222,4.68,18,12,0,0,0,0,75.0,92,45,39,7,28,0,48,2,1,2,342,96,4.28,1.6,11.0,0.8,3.4,5.8,1.71,Left,No
6,2006,SP,Greg Maddux,40,6,3,0.667,3.3,12,12,0,0,0,0,73.2,66,31,27,6,14,4,36,0,0,0,290,137,3.8,1.086,8.1,0.7,1.7,4.4,2.57,Right,No
7,2006,CL,Takashi Saito,36,6,2,0.75,2.07,72,0,48,0,0,24,78.1,48,19,18,3,23,3,107,2,0,2,303,218,1.87,0.906,5.5,0.3,2.6,12.3,4.65,Right,No
8,2006,RP,Brett Tomko,33,8,7,0.533,4.73,44,15,2,0,0,0,112.1,123,67,59,17,29,0,76,2,1,3,491,95,4.59,1.353,9.9,1.4,2.3,6.1,2.62,Right,No
9,2006,RP,Jonathan Broxton,22,4,1,0.8,2.59,68,0,20,0,0,3,76.1,61,25,22,7,33,6,97,1,0,7,320,174,3.13,1.231,7.2,0.8,3.9,11.4,2.94,Right,No
10,2006,RP,Joe Beimel,29,2,1,0.667,2.96,62,0,10,0,0,2,70.0,70,26,23,7,21,3,30,0,1,6,295,153,4.49,1.3,9.0,0.9,2.7,3.9,1.43,Left,No
11,2006,RP,Danys Báez,28,5,5,0.5,4.35,46,0,27,0,0,9,49.2,53,29,24,3,11,2,29,6,0,3,213,104,3.79,1.289,9.6,0.5,2.0,5.3,2.64,Right,No
12,2006,,Jae Weong Seo,29,2,4,0.333,5.78,19,10,5,0,0,0,67.0,75,45,43,14,25,1,49,1,1,1,296,78,5.56,1.493,10.1,1.9,3.4,6.6,1.96,Right,No
13,2006,,Hung-Chih Kuo,24,1,5,0.167,4.22,28,5,6,0,0,0,59.2,54,30,28,3,33,5,71,1,0,2,258,107,3.13,1.458,8.1,0.5,5.0,10.7,2.15,Left,No
14,2006,,Odalis Perez,28,4,4,0.5,6.83,20,8,6,0,0,0,59.1,89,49,45,9,13,1,33,2,1,4,275,66,4.76,1.719,13.5,1.4,2.0,5.0,2.54,Left,No
15,2006,,Tim Hamulack,29,0,3,0.0,6.35,33,0,12,0,0,0,34.0,36,28,24,7,22,1,34,2,1,2,161,71,5.94,1.706,9.5,1.9,5.8,9.0,1.55,Left,No
16,2006,,Giovanni Carrara,38,0,1,0.0,4.55,25,0,9,0,0,1,27.2,27,14,14,5,7,0,25,1,0,1,116,100,4.56,1.229,8.8,1.6,2.3,8.1,3.57,Right,No
17,2006,,Elmer Dessens,35,0,1,0.0,4.7,19,0,2,0,0,0,23.0,23,12,12,4,9,2,16,0,0,1,100,97,5.19,1.391,9.0,1.6,3.5,6.3,1.78,Right,No
18,2006,,Franquelis Osoria,24,0,2,0.0,7.13,12,0,1,0,0,0,17.2,27,14,14,4,9,1,13,1,0,0,86,64,6.32,2.038,13.8,2.0,4.6,6.6,1.44,Right,No
19,2006,,Eric Stults,26,1,0,1.0,5.6,6,2,2,0,0,0,17.2,17,12,11,4,7,0,5,0,0,0,73,82,6.71,1.358,8.7,2.0,3.6,2.5,0.71,Left,No
20,2006,,Lance Carter,31,0,1,0.0,8.49,10,0,2,0,0,0,11.2,17,11,11,1,8,0,5,0,0,2,59,55,5.46,2.143,13.1,0.8,6.2,3.9,0.63,Right,No
21,2006,,Yhency Brazobán,26,0,0,0.0,5.4,5,0,2,0,0,0,5.0,7,3,3,0,2,0,4,0,0,1,23,89,2.75,1.8,12.6,0.0,3.6,7.2,2.0,Right,No
22,2006,,Éric Gagné,30,0,0,0.0,0.0,2,0,2,0,0,1,2.0,0,0,0,0,1,0,3,1,0,0,8,0,3.15,0.5,0.0,0.0,4.5,13.5,3.0,Right,No
1,2005,SP,Jeff Weaver,28,14,11,0.56,4.22,34,34,0,3,2,0,224.0,220,111,105,35,43,1,157,18,0,2,930,97,4.47,1.174,8.8,1.4,1.7,6.3,3.65,Right,No
2,2005,SP,Derek Lowe,32,12,15,0.444,3.61,35,35,0,2,2,0,222.0,223,113,89,28,55,1,146,5,2,3,934,114,4.16,1.252,9.0,1.1,2.2,5.9,2.65,Right,No
3,2005,SP,Brad Penny,27,7,9,0.438,3.9,29,29,0,1,0,0,175.1,185,78,76,17,41,2,122,3,0,3,738,105,3.64,1.289,9.5,0.9,2.1,6.3,2.98,Right,No
4,2005,SP,D.J. Houlton,25,6,9,0.4,5.16,35,19,4,0,0,0,129.0,145,79,74,21,52,3,90,8,0,2,578,80,5.14,1.527,10.1,1.5,3.6,6.3,1.73,Right,No
5,2005,SP,Odalis Perez,27,7,8,0.467,4.56,19,19,0,0,0,0,108.2,109,59,55,13,28,2,74,0,0,3,453,90,3.99,1.261,9.0,1.1,2.3,6.1,2.64,Left,No
6,2005,CL,Yhency Brazobán,25,4,10,0.286,5.33,74,0,44,0,0,21,72.2,70,46,43,11,32,4,61,5,0,1,317,77,4.84,1.404,8.7,1.4,4.0,7.6,1.91,Right,No
7,2005,RP,Duaner Sanchez,25,4,7,0.364,3.73,79,0,31,0,0,8,82.0,75,36,34,8,36,6,71,3,1,7,353,110,3.98,1.354,8.2,0.9,4.0,7.8,1.97,Right,No
8,2005,RP,Giovanni Carrara,37,7,4,0.636,3.93,72,0,18,0,0,0,75.2,65,35,33,6,38,5,56,6,0,4,326,105,4.32,1.361,7.7,0.7,4.5,6.7,1.47,Right,No
9,2005,RP,Steve Schmoll,25,2,2,0.5,5.01,48,0,14,0,0,3,46.2,47,29,26,4,22,2,29,3,1,0,205,82,4.5,1.479,9.1,0.8,4.2,5.6,1.32,Right,No
10,2005,RP,Kelly Wunsch,32,1,1,0.5,4.56,45,0,6,0,0,0,23.2,20,12,12,2,14,2,22,2,0,2,105,91,4.29,1.437,7.6,0.8,5.3,8.4,1.57,Left,No
11,2005,,Elmer Dessens,34,1,2,0.333,3.56,28,7,4,0,0,0,65.2,63,30,26,6,19,2,37,1,0,1,277,116,3.99,1.249,8.6,0.8,2.6,5.1,1.95,Right,No
12,2005,,Scott Erickson,37,1,4,0.2,6.02,19,8,6,0,0,0,55.1,62,37,37,12,25,0,15,4,0,1,249,69,6.87,1.572,10.1,2.0,4.1,2.4,0.6,Right,No
13,2005,,Franquelis Osoria,23,0,2,0.0,3.94,24,0,6,0,0,0,29.2,28,14,13,3,8,0,15,3,0,0,122,105,4.44,1.213,8.5,0.9,2.4,4.6,1.88,Right,No
14,2005,,Edwin Jackson,21,2,2,0.5,6.28,7,6,0,0,0,0,28.2,31,22,20,2,17,0,13,1,1,2,134,66,4.9,1.674,9.7,0.6,5.3,4.1,0.76,Right,No
15,2005,,Wilson Álvarez,35,1,4,0.2,5.63,21,2,3,0,0,0,24.0,31,15,15,7,7,0,16,0,0,0,109,74,6.35,1.583,11.6,2.6,2.6,6.0,2.29,Left,No
16,2005,,Derek Thompson,24,0,0,0.0,3.5,4,3,0,0,0,0,18.0,16,7,7,0,10,1,13,0,0,0,74,120,3.24,1.444,8.0,0.0,5.0,6.5,1.3,Left,No
17,2005,,Buddy Carlyle,27,0,0,0.0,8.36,10,0,2,0,0,0,14.0,16,13,13,4,4,0,13,1,0,0,62,50,5.95,1.429,10.3,2.6,2.6,8.4,3.25,Right,No
18,2005,,Jonathan Broxton,21,1,0,1.0,5.93,14,0,5,0,0,0,13.2,13,11,9,0,12,2,22,1,0,2,68,71,2.65,1.829,8.6,0.0,7.9,14.5,1.83,Right,No
19,2005,,Éric Gagné,29,1,0,1.0,2.7,14,0,13,0,0,8,13.1,10,4,4,2,3,0,22,0,0,3,53,156,2.35,0.975,6.8,1.4,2.0,14.9,7.33,Right,No
20,2005,,Hung-Chih Kuo,23,0,1,0.0,6.75,9,0,0,0,0,0,5.1,5,4,4,1,5,1,10,0,1,0,26,65,4.52,1.875,8.4,1.7,8.4,16.9,2.0,Left,No
1,2004,SP,Jeff Weaver,27,13,13,0.5,4.01,34,34,0,0,0,0,220.0,219,103,98,19,67,9,153,14,0,9,935,102,3.89,1.3,9.0,0.8,2.7,6.3,2.28,Right,No
2,2004,SP,Odalis Perez,26,7,6,0.538,3.25,31,31,0,0,0,0,196.1,180,76,71,26,44,4,128,3,2,2,787,126,4.18,1.141,8.3,1.2,2.0,5.9,2.91,Left,No
3,2004,SP,Kazuhisa Ishii,30,13,8,0.619,4.71,31,31,0,2,2,0,172.0,155,97,90,21,98,2,99,4,0,3,749,87,5.26,1.471,8.1,1.1,5.1,5.2,1.01,Left,No
4,2004,SP,José Lima,31,13,5,0.722,4.07,36,24,3,0,0,0,170.1,178,81,77,33,34,6,93,1,0,3,702,101,5.09,1.245,9.4,1.7,1.8,4.9,2.74,Right,No
5,2004,SP,Hideo Nomo,35,4,11,0.267,8.25,18,18,0,0,0,0,84.0,105,77,77,19,42,1,54,4,0,3,393,50,6.35,1.75,11.3,2.0,4.5,5.8,1.29,Right,No
6,2004,CL,Éric Gagné,28,7,3,0.7,2.19,70,0,59,0,0,45,82.1,53,24,20,5,22,3,114,5,0,2,326,188,2.05,0.911,5.8,0.5,2.4,12.5,5.18,Right,No
7,2004,RP,Duaner Sanchez,24,3,1,0.75,3.38,67,0,27,0,0,0,80.0,81,34,30,9,27,2,44,6,0,6,342,122,4.65,1.35,9.1,1.0,3.0,5.0,1.63,Right,No
8,2004,RP,Guillermo Mota,30,8,4,0.667,2.14,52,0,11,0,0,1,63.0,51,15,15,4,27,5,52,2,0,5,259,192,3.6,1.238,7.3,0.6,3.9,7.4,1.93,Right,No
9,2004,RP,Darren Dreifort,32,1,4,0.2,4.44,60,0,9,0,0,1,50.2,43,25,25,5,36,2,63,0,0,5,227,93,3.98,1.559,7.6,0.9,6.4,11.2,1.75,Right,No
10,2004,RP,Tom Martin,34,0,1,0.0,4.13,47,0,9,0,0,1,28.1,32,13,13,3,14,1,18,3,0,1,132,101,4.95,1.624,10.2,1.0,4.4,5.7,1.29,Left,No
11,2004,,Wilson Álvarez,34,7,6,0.538,4.03,40,15,6,0,0,1,120.2,109,56,54,12,31,2,102,5,0,1,499,102,3.55,1.16,8.1,0.9,2.3,7.6,3.29,Left,No
12,2004,,Giovanni Carrara,36,5,2,0.714,2.18,42,0,15,0,0,2,53.2,46,15,13,1,20,3,48,1,0,1,227,189,2.68,1.23,7.7,0.2,3.4,8.0,2.4,Right,No
13,2004,,Yhency Brazobán,24,6,2,0.75,2.48,31,0,10,0,0,0,32.2,25,9,9,2,15,2,27,0,0,1,133,167,3.57,1.224,6.9,0.6,4.1,7.4,1.8,Right,No
14,2004,,Edwin Jackson,20,2,1,0.667,7.3,8,5,1,0,0,0,24.2,31,20,20,7,11,1,16,0,0,0,113,57,6.78,1.703,11.3,2.6,4.0,5.8,1.45,Right,No
15,2004,,Elmer Dessens,33,1,0,1.0,3.2,12,1,2,0,0,0,19.2,16,7,7,4,8,0,18,0,0,0,82,130,5.08,1.22,7.3,1.8,3.7,8.2,2.25,Right,No
16,2004,,Brian Falkenborg,26,1,0,1.0,7.53,6,0,1,0,0,0,14.1,19,14,12,2,9,0,11,3,0,1,73,56,5.84,1.953,11.9,1.3,5.7,6.9,1.22,Right,No
17,2004,,Scott Stewart,28,1,0,1.0,5.84,11,0,2,0,0,0,12.1,20,8,8,3,6,3,8,0,0,0,60,72,6.37,2.108,14.6,2.2,4.4,5.8,1.33,Left,No
18,2004,,Brad Penny,26,1,2,0.333,3.09,3,3,0,0,0,0,11.2,6,5,4,2,6,0,6,0,0,0,45,137,5.79,1.029,4.6,1.5,4.6,4.6,1.0,Right,No
19,2004,,Mike Venafro,30,0,0,0.0,4.0,17,0,2,0,0,0,9.0,11,5,4,1,3,1,6,2,0,0,42,107,4.83,1.556,11.0,1.0,3.0,6.0,2.0,Left,No
20,2004,,Masao Kida,35,0,0,0.0,0.0,3,0,1,0,0,0,4.2,4,0,0,0,1,0,5,1,0,0,19,0,2.19,1.071,7.7,0.0,1.9,9.6,5.0,Right,No
21,2004,,Rodney Myers,35,0,0,0.0,0.0,1,0,1,0,0,0,2.0,1,0,0,0,0,0,1,0,0,0,6,0,2.05,0.5,4.5,0.0,0.0,4.5,0.0,Right,No
22,2004,,Robin Ventura,36,0,0,0.0,0.0,1,0,1,0,0,0,1.0,1,0,0,0,0,0,0,0,0,0,4,0,3.05,1.0,9.0,0.0,0.0,0.0,0.0,Right,No
1,2003,SP,Hideo Nomo,34,16,13,0.552,3.09,33,33,0,2,2,0,218.1,175,82,75,24,98,6,177,1,0,11,897,131,4.2,1.25,7.2,1.0,4.0,7.3,1.81,Right,No
2,2003,SP,Kevin Brown,38,14,9,0.609,2.39,32,32,0,0,0,0,211.0,184,67,56,11,56,2,185,5,1,5,856,169,2.82,1.137,7.8,0.5,2.4,7.9,3.3,Right,No
3,2003,SP,Odalis Perez,25,12,12,0.5,4.52,30,30,0,0,0,0,185.1,191,98,93,28,46,4,141,3,1,2,772,89,4.27,1.279,9.3,1.4,2.2,6.8,3.07,Left,No
4,2003,SP,Kazuhisa Ishii,29,9,7,0.563,3.86,27,27,0,0,0,0,147.0,129,72,63,16,101,4,140,6,2,10,656,105,4.72,1.565,7.9,1.0,6.2,8.6,1.39,Left,No
5,2003,SP,Wilson Álvarez,33,6,2,0.75,2.37,21,12,2,1,1,1,95.0,80,27,25,5,23,1,82,5,0,1,377,171,2.87,1.084,7.6,0.5,2.2,7.8,3.57,Left,No
6,2003,SP,Andy Ashby,35,3,10,0.231,5.18,21,12,5,0,0,0,73.0,90,42,42,8,17,2,41,3,0,5,318,78,4.15,1.466,11.1,1.0,2.1,5.1,2.41,Right,No
7,2003,CL,Éric Gagné,27,2,3,0.4,1.2,77,0,67,0,0,55,82.1,37,12,11,2,20,2,137,3,0,2,306,337,0.86,0.692,4.0,0.2,2.2,15.0,6.85,Right,No
8,2003,RP,Guillermo Mota,29,6,3,0.667,1.97,76,0,18,0,0,1,105.0,78,23,23,7,26,4,99,1,0,0,410,205,2.78,0.99,6.7,0.6,2.2,8.5,3.81,Right,No
9,2003,RP,Paul Quantrill,34,2,5,0.286,1.75,89,0,21,0,0,1,77.1,61,18,15,2,15,2,44,3,0,0,291,232,2.93,0.983,7.1,0.2,1.7,5.1,2.93,Right,No
10,2003,RP,Paul Shuey,32,6,4,0.6,3.0,62,0,18,0,0,0,69.0,50,24,23,6,33,3,60,4,0,3,281,135,4.03,1.203,6.5,0.8,4.3,7.8,1.82,Right,No
11,2003,RP,Tom Martin,33,1,2,0.333,3.53,80,0,13,0,0,0,51.0,36,21,20,6,24,4,51,2,0,1,210,115,4.09,1.176,6.4,1.1,4.2,9.0,2.13,Left,No
12,2003,,Darren Dreifort,31,4,4,0.5,4.03,10,10,0,0,0,0,60.1,58,29,27,6,25,0,67,0,1,3,261,101,3.35,1.376,8.7,0.9,3.7,10.0,2.68,Right,No
13,2003,,Edwin Jackson,19,2,1,0.667,2.45,4,3,0,0,0,0,22.0,17,6,6,2,11,1,19,1,0,3,91,167,4.12,1.273,7.0,0.8,4.5,7.8,1.73,Right,No
14,2003,,Steve Colyer,24,0,0,0.0,2.75,13,0,3,0,0,0,19.2,22,6,6,0,9,0,16,0,0,1,84,150,2.78,1.576,10.1,0.0,4.1,7.3,1.78,Left,No
15,2003,,Masao Kida,34,0,1,0.0,3.0,3,2,1,0,0,0,12.0,15,5,4,0,3,0,8,0,0,3,53,139,2.45,1.5,11.3,0.0,2.3,6.0,2.67,Right,No
16,2003,,Troy Brohawn,30,2,0,1.0,3.86,12,0,5,0,0,0,11.2,10,6,5,2,4,0,13,0,0,0,48,108,4.06,1.2,7.7,1.5,3.1,10.0,3.25,Left,No
17,2003,,Rodney Myers,34,0,0,0.0,6.0,4,0,3,0,0,0,9.0,10,7,6,1,4,0,5,1,0,0,42,70,5.03,1.556,10.0,1.0,4.0,5.0,1.25,Right,No
18,2003,,Victor Álvarez,26,0,1,0.0,12.71,5,0,3,0,0,0,5.2,9,8,8,1,6,0,3,1,0,0,31,34,7.97,2.647,14.3,1.6,9.5,4.8,0.5,Left,No
19,2003,,Scott Mullen,28,0,0,0.0,9.0,1,1,0,0,0,0,3.0,2,3,3,0,5,0,1,1,0,0,17,50,8.36,2.333,6.0,0.0,15.0,3.0,0.2,Left,No
1,2002,SP,Odalis Perez,24,15,10,0.6,3.0,32,32,0,4,2,0,222.1,182,76,74,21,38,5,155,4,3,2,869,127,3.36,0.99,7.4,0.9,1.5,6.3,4.08,Left,No
2,2002,SP,Hideo Nomo,33,16,6,0.727,3.39,34,34,0,0,0,0,220.1,189,92,83,26,101,5,193,2,0,6,926,112,4.15,1.316,7.7,1.1,4.1,7.9,1.91,Right,No
3,2002,SP,Andy Ashby,34,9,13,0.409,3.91,30,30,0,0,0,0,181.2,179,85,79,20,65,3,107,8,0,2,771,97,4.42,1.343,8.9,1.0,3.2,5.3,1.65,Right,No
4,2002,SP,Omar Daal,30,11,9,0.55,3.9,39,23,3,0,0,0,161.1,142,73,70,20,54,3,105,4,0,0,668,97,4.35,1.215,7.9,1.1,3.0,5.9,1.94,Left,No
5,2002,SP,Kazuhisa Ishii,28,14,10,0.583,4.27,28,28,0,0,0,0,154.0,137,82,73,20,106,3,143,4,0,7,692,89,4.94,1.578,8.0,1.2,6.2,8.4,1.35,Left,No
6,2002,CL,Éric Gagné,26,4,1,0.8,1.97,77,0,68,0,0,52,82.1,55,18,18,6,16,4,114,2,0,1,314,193,1.8,0.862,6.0,0.7,1.7,12.5,7.13,Right,No
7,2002,RP,Giovanni Carrara,34,6,3,0.667,3.28,63,1,13,0,0,1,90.2,83,34,33,14,32,4,56,6,0,1,387,116,4.99,1.268,8.2,1.4,3.2,5.6,1.75,Right,No
8,2002,RP,Paul Quantrill,33,5,4,0.556,2.7,86,0,22,0,0,1,76.2,80,27,23,1,25,7,53,3,0,0,330,141,2.84,1.37,9.4,0.1,2.9,6.2,2.12,Right,No
9,2002,RP,Guillermo Mota,28,1,3,0.25,4.15,43,0,11,0,0,0,60.2,45,30,28,4,27,6,49,2,0,3,256,92,3.64,1.187,6.7,0.6,4.0,7.3,1.81,Right,No
10,2002,RP,Jesse Orosco,45,1,2,0.333,3.0,56,0,8,0,0,1,27.0,24,10,9,4,12,1,22,0,0,2,119,128,4.59,1.333,8.0,1.3,4.0,7.3,1.83,Left,No
11,2002,,Kevin Brown,37,3,4,0.429,4.81,17,10,0,0,0,0,63.2,68,36,34,9,23,1,58,5,0,2,278,79,4.3,1.429,9.6,1.3,3.3,8.2,2.52,Right,No
12,2002,,Terry Mulholland,39,0,0,0.0,7.31,21,0,12,0,0,0,32.0,45,29,26,10,7,0,17,2,0,1,147,52,6.81,1.625,12.7,2.8,2.0,4.8,2.43,Left,No
13,2002,,Paul Shuey,31,5,2,0.714,4.4,28,0,6,0,0,1,30.2,25,18,15,2,21,1,24,1,0,1,138,87,4.4,1.5,7.3,0.6,6.2,7.0,1.14,Right,No
14,2002,,Kevin Beirne,28,2,0,1.0,3.41,12,3,5,0,0,0,29.0,26,11,11,4,17,2,17,2,0,4,127,112,5.55,1.483,8.1,1.2,5.3,5.3,1.0,Right,No
15,2002,,Victor Álvarez,25,0,1,0.0,4.35,4,1,1,0,0,0,10.1,9,5,5,1,2,0,7,0,0,0,40,90,3.45,1.065,7.8,0.9,1.7,6.1,3.5,Left,No
16,2002,,Jeff Williams,30,0,0,0.0,11.7,10,0,7,0,0,0,10.0,15,13,13,2,7,0,11,1,0,1,54,34,5.76,2.2,13.5,1.8,6.3,9.9,1.57,Left,No
17,2002,,Robert Ellis,31,0,1,0.0,10.13,3,0,0,0,0,0,2.2,6,3,3,1,0,0,0,0,0,0,13,43,7.84,2.25,20.3,3.4,0.0,0.0,0.0,Right,No
18,2002,,Dennis Springer,37,0,1,0.0,6.75,1,0,1,0,0,0,1.1,1,1,1,0,2,0,1,0,0,0,7,73,5.96,2.25,6.8,0.0,13.5,6.8,0.5,Right,No
19,2002,,Bryan Corey,28,0,0,0.0,0.0,1,0,1,0,0,0,1.0,0,0,0,0,0,0,0,0,0,0,3,0,2.96,0.0,0.0,0.0,0.0,0.0,0.0,Right,No
1,2001,SP,Chan Ho Park,28,15,11,0.577,3.5,36,35,0,2,1,0,234.0,183,98,91,23,91,1,218,20,3,3,981,114,3.89,1.171,7.0,0.9,3.5,8.4,2.4,Right,No
2,2001,SP,Terry Adams,28,12,8,0.6,4.33,43,22,10,0,0,0,166.1,172,84,80,9,54,1,141,3,2,7,708,92,3.09,1.359,9.3,0.5,2.9,7.6,2.61,Right,No
3,2001,SP,Éric Gagné,25,6,7,0.462,4.75,33,24,3,0,0,0,151.2,144,90,80,24,46,1,130,16,1,3,649,84,4.62,1.253,8.5,1.4,2.7,7.7,2.83,Right,No
4,2001,SP,Luke Prokopec,23,8,7,0.533,4.88,29,22,2,0,0,0,138.1,146,80,75,27,40,1,91,4,2,3,596,82,5.22,1.345,9.5,1.8,2.6,5.9,2.28,Right,No
5,2001,SP,Kevin Brown,36,10,4,0.714,2.65,20,19,0,1,0,0,115.2,94,41,34,8,38,2,104,2,1,3,465,151,3.19,1.141,7.3,0.6,3.0,8.1,2.74,Right,No
6,2001,SP,Darren Dreifort,29,4,7,0.364,5.13,16,16,0,0,0,0,94.2,89,62,54,11,47,0,91,6,0,10,416,78,4.32,1.437,8.5,1.0,4.5,8.7,1.94,Right,No
7,2001,CL,Jeff Shaw,34,3,5,0.375,3.62,77,0,66,0,0,43,74.2,63,32,30,10,18,8,58,2,1,0,303,110,4.04,1.085,7.6,1.2,2.2,7.0,3.22,Right,No
8,2001,RP,Matt Herges,31,9,8,0.529,3.44,75,0,22,0,0,1,99.1,97,39,38,8,46,12,76,8,0,2,435,116,4.2,1.44,8.8,0.7,4.2,6.9,1.65,Right,No
9,2001,RP,Giovanni Carrara,33,6,1,0.857,3.16,47,3,2,0,0,0,85.1,73,30,30,12,24,3,70,1,0,0,348,126,4.12,1.137,7.7,1.3,2.5,7.4,2.92,Right,No
10,2001,RP,Mike Fetters,36,2,1,0.667,6.07,34,0,7,0,0,1,29.2,33,23,20,6,13,0,26,1,0,6,139,66,5.34,1.551,10.0,1.8,3.9,7.9,2.0,Right,No
11,2001,RP,Jesse Orosco,44,0,1,0.0,3.94,35,0,7,0,0,0,16.0,17,7,7,3,7,1,21,0,0,0,69,103,4.17,1.5,9.6,1.7,3.9,11.8,3.0,Left,No
12,2001,,James Baldwin,29,3,6,0.333,4.2,12,12,0,0,0,0,79.1,82,39,37,10,25,1,53,3,0,3,333,95,4.41,1.349,9.3,1.1,2.8,6.0,2.12,Right,No
13,2001,,Terry Mulholland,38,1,1,0.5,5.83,19,3,5,0,0,0,29.1,40,20,19,7,7,0,25,1,0,0,135,69,5.26,1.602,12.3,2.1,2.1,7.7,3.57,Left,No
14,2001,,Alberto Reyes,31,2,1,0.667,3.86,19,0,9,0,0,1,25.2,28,13,11,3,13,1,23,1,1,0,120,104,4.41,1.597,9.8,1.1,4.6,8.1,1.77,Right,No
15,2001,,Gregg Olson,34,0,1,0.0,8.03,28,0,10,0,0,0,24.2,26,24,22,4,20,1,24,0,0,1,120,50,5.64,1.865,9.5,1.5,7.3,8.8,1.2,Right,No
16,2001,,Jeff Williams,29,2,1,0.667,6.29,15,1,2,0,0,0,24.1,26,18,17,5,17,1,9,1,0,1,109,64,7.2,1.767,9.6,1.8,6.3,3.3,0.53,Left,No
17,2001,,Mike Trombley,34,0,4,0.0,6.56,19,0,10,0,0,0,23.1,27,17,17,5,10,3,27,0,0,0,108,62,4.81,1.586,10.4,1.9,3.9,10.4,2.7,Right,No
18,2001,,Dennis Springer,36,1,1,0.5,3.32,4,3,1,0,0,0,19.0,19,7,7,3,2,0,7,3,0,2,75,122,5.15,1.105,9.0,1.4,0.9,3.3,3.5,Right,No
19,2001,,Andy Ashby,33,2,0,1.0,3.86,2,2,0,0,0,0,11.2,14,5,5,2,1,0,7,0,0,0,49,106,4.33,1.286,10.8,1.5,0.8,5.4,7.0,Right,No
20,2001,,Jose Nunez,22,0,1,0.0,13.5,6,0,2,0,0,0,7.1,14,15,11,4,5,0,11,0,0,0,42,31,9.19,2.591,17.2,4.9,6.1,13.5,2.2,Left,No
21,2001,,Chris Donnels,35,0,0,0.0,0.0,1,0,1,0,0,0,0.1,0,0,0,0,0,0,0,0,0,0,1,0,3.05,0.0,0.0,0.0,0.0,0.0,0.0,Right,No
1,2000,SP,Kevin Brown,35,13,6,0.684,2.58,33,33,0,5,1,0,230.0,181,76,66,21,47,1,216,9,0,4,921,167,3.17,0.991,7.1,0.8,1.8,8.5,4.6,Right,No
2,2000,SP,Chan Ho Park,27,18,10,0.643,3.27,34,34,0,3,1,0,226.0,173,92,82,21,124,4,217,12,0,13,963,132,4.23,1.314,6.9,0.8,4.9,8.6,1.75,Right,No
3,2000,SP,Darren Dreifort,28,12,9,0.571,4.16,32,32,0,1,1,0,192.2,175,105,89,31,87,1,164,12,3,17,842,104,5.06,1.36,8.2,1.4,4.1,7.7,1.89,Right,No
4,2000,SP,Carlos Perez,29,5,8,0.385,5.56,30,22,1,0,0,0,144.0,192,95,89,25,33,1,64,8,1,3,641,78,5.36,1.563,12.0,1.6,2.1,4.0,1.94,Left,No
5,2000,SP,Éric Gagné,24,4,6,0.4,5.15,20,19,0,0,0,0,101.1,106,62,58,20,60,1,79,3,0,4,464,84,6.01,1.638,9.4,1.8,5.3,7.0,1.32,Right,No
6,2000,CL,Jeff Shaw,33,3,4,0.429,4.24,60,0,51,0,0,27,57.1,61,29,27,7,16,3,39,1,0,0,249,102,4.25,1.343,9.6,1.1,2.5,6.1,2.44,Right,No
7,2000,RP,Matt Herges,30,11,3,0.786,3.17,59,4,17,0,0,1,110.2,100,43,39,7,40,5,75,6,0,4,461,136,3.85,1.265,8.1,0.6,3.3,6.1,1.88,Right,No
8,2000,RP,Terry Adams,27,6,9,0.4,3.52,66,0,18,0,0,2,84.1,80,42,33,6,39,0,56,0,0,5,369,123,4.12,1.411,8.5,0.6,4.2,6.0,1.44,Right,No
9,2000,RP,Antonio Osuna,27,3,6,0.333,3.74,46,0,16,0,0,0,67.1,57,30,28,7,35,2,70,2,2,1,293,116,4.05,1.366,7.6,0.9,4.7,9.4,2.0,Right,No
10,2000,RP,Mike Fetters,35,6,2,0.75,3.24,51,0,20,0,0,5,50.0,35,18,18,7,25,2,40,2,0,3,201,134,4.97,1.2,6.3,1.3,4.5,7.2,1.6,Right,No
11,2000,,Ismael Valdez,26,0,3,0.0,6.08,9,8,1,0,0,0,40.0,53,29,27,5,13,0,29,1,0,0,178,72,4.36,1.65,11.9,1.1,2.9,6.5,2.23,Right,No
12,2000,,Onan Masaoka,22,1,1,0.5,4.0,29,0,3,0,0,0,27.0,23,12,12,2,15,1,27,1,0,2,116,109,3.87,1.407,7.7,0.7,5.0,9.0,1.8,Left,No
13,2000,,Alan Mills,33,2,1,0.667,4.21,18,0,9,0,0,1,25.2,31,12,12,3,16,0,18,1,0,1,119,104,5.24,1.831,10.9,1.1,5.6,6.3,1.13,Right,No
14,2000,,Orel Hershiser,41,1,5,0.167,13.14,10,6,1,0,0,0,24.2,42,36,36,5,14,1,13,11,0,2,136,33,7.76,2.27,15.3,1.8,5.1,4.7,0.93,Right,No
15,2000,,Luke Prokopec,22,1,1,0.5,3.0,5,3,1,0,0,0,21.0,19,10,7,2,9,0,12,2,0,0,88,146,4.8,1.333,8.1,0.9,3.9,5.1,1.33,Right,No
16,2000,,Gregg Olson,33,0,1,0.0,5.09,13,0,9,0,0,0,17.2,21,11,10,4,7,0,15,1,0,0,81,86,5.74,1.585,10.7,2.0,3.6,7.6,2.14,Right,No
17,2000,,Jamie Arnold,26,0,0,0.0,4.05,2,0,2,0,0,0,6.2,4,3,3,0,5,0,3,1,0,1,30,112,4.93,1.35,5.4,0.0,6.8,4.1,0.6,Right,No
18,2000,,Alberto Reyes,30,0,0,0.0,0.0,6,0,4,0,0,0,6.2,2,0,0,0,1,0,8,0,0,0,24,0,1.18,0.45,2.7,0.0,1.4,10.8,8.0,Right,No
19,2000,,Jeff Williams,28,0,0,0.0,15.88,7,0,0,0,0,0,5.2,12,11,10,1,8,0,3,0,0,0,35,29,8.6,3.529,19.1,1.6,12.7,4.8,0.38,Left,No
20,2000,,Mike Judd,25,0,1,0.0,15.75,1,1,0,0,0,0,4.0,4,7,7,2,3,0,5,1,0,0,20,30,10.13,1.75,9.0,4.5,6.8,11.3,1.67,Right,No
21,2000,,Trever Miller,27,0,0,0.0,23.14,2,0,0,0,0,0,2.1,8,6,6,0,3,0,1,1,0,0,18,21,7.42,4.714,30.9,0.0,11.6,3.9,0.33,Left,No
1,1999,SP,Kevin Brown,34,18,9,0.667,3.0,35,35,0,5,1,0,252.1,210,99,84,19,59,1,221,7,1,4,1018,143,3.15,1.066,7.5,0.7,2.1,7.9,3.75,Right,No
2,1999,SP,Ismael Valdez,25,9,14,0.391,3.98,32,32,0,2,1,0,203.1,213,97,90,32,58,2,143,6,0,6,871,108,4.72,1.333,9.4,1.4,2.6,6.3,2.47,Right,No
3,1999,SP,Chan Ho Park,26,13,11,0.542,5.23,33,33,0,0,0,0,194.1,208,120,113,31,100,4,174,14,1,11,883,82,5.18,1.585,9.6,1.4,4.6,8.1,1.74,Right,No
4,1999,SP,Darren Dreifort,27,13,13,0.5,4.79,30,29,0,1,1,0,178.2,177,105,95,20,76,2,140,7,4,9,773,90,4.42,1.416,8.9,1.0,3.8,7.1,1.84,Right,No
5,1999,SP,Carlos Perez,28,2,10,0.167,7.43,17,16,0,0,0,0,89.2,116,77,74,23,39,1,40,6,3,2,420,58,7.08,1.729,11.6,2.3,3.9,4.0,1.03,Left,No
6,1999,CL,Jeff Shaw,32,2,4,0.333,2.78,64,0,56,0,0,34,68.0,64,25,21,6,15,1,43,1,0,1,284,155,3.72,1.162,8.5,0.8,2.0,5.7,2.87,Right,No
7,1999,RP,Alan Mills,32,3,4,0.429,3.73,68,0,18,0,0,0,72.1,70,33,30,10,43,4,49,4,0,3,322,116,5.53,1.562,8.7,1.2,5.4,6.1,1.14,Right,No
8,1999,RP,Onan Masaoka,21,2,4,0.333,4.32,54,0,12,0,0,1,66.2,55,33,32,8,47,3,61,2,0,3,300,100,5.07,1.53,7.4,1.1,6.3,8.2,1.3,Left,No
9,1999,RP,Mike Maddux,37,1,1,0.5,3.29,49,0,19,0,0,0,54.2,54,21,20,5,19,2,41,4,0,1,234,131,4.09,1.335,8.9,0.8,3.1,6.8,2.16,Right,No
10,1999,RP,Pedro Borbón,31,4,3,0.571,4.09,70,0,11,0,0,1,50.2,39,23,23,5,29,1,33,1,0,1,220,106,4.89,1.342,6.9,0.9,5.2,5.9,1.14,Left,No
11,1999,,Jamie Arnold,25,2,4,0.333,5.48,36,3,18,0,0,1,69.0,81,50,42,6,34,2,26,6,0,3,313,79,5.25,1.667,10.6,0.8,4.4,3.4,0.76,Right,No
12,1999,,Éric Gagné,23,1,1,0.5,2.1,5,5,0,0,0,0,30.0,18,8,7,3,15,0,30,0,0,1,119,207,3.93,1.1,5.4,0.9,4.5,9.0,2.0,Right,No
13,1999,,Mike Judd,24,3,1,0.75,5.46,7,4,0,0,0,0,28.0,30,17,17,4,12,0,22,1,0,3,120,80,4.81,1.5,9.6,1.3,3.9,7.1,1.83,Right,No
14,1999,,Matt Herges,29,0,2,0.0,4.07,17,0,9,0,0,0,24.1,24,13,11,5,8,0,18,1,0,0,104,107,5.44,1.315,8.9,1.8,3.0,6.7,2.25,Right,No
15,1999,,Jeff Williams,27,2,0,1.0,4.08,5,3,1,0,0,0,17.2,12,10,8,2,9,0,7,0,0,0,73,107,5.34,1.189,6.1,1.0,4.6,3.6,0.78,Left,No
16,1999,,Robinson Checo,27,2,2,0.5,10.34,9,2,1,0,0,0,15.2,24,20,18,5,13,1,11,0,0,2,85,42,8.37,2.362,13.8,2.9,7.5,6.3,0.85,Right,No
17,1999,,Doug Bochtler,28,0,0,0.0,5.54,12,0,4,0,0,0,13.0,11,8,8,3,6,1,7,1,0,1,58,80,6.67,1.308,7.6,2.1,4.2,4.8,1.17,Right,No
18,1999,,Jeff Kubenka,24,0,1,0.0,11.74,6,0,2,0,0,0,7.2,13,12,10,1,4,0,2,0,0,0,42,38,5.87,2.217,15.3,1.2,4.7,2.3,0.5,Left,No
19,1999,,Dave Mlicki,31,0,1,0.0,4.91,2,0,0,0,0,0,7.1,10,4,4,1,2,0,1,0,0,1,33,92,5.45,1.636,12.3,1.2,2.5,1.2,0.5,Right,No
20,1999,,Mel Rojas,32,0,0,0.0,12.6,5,0,2,0,0,0,5.0,5,7,7,3,3,1,3,0,0,0,23,37,11.53,1.6,9.0,5.4,5.4,5.4,1.0,Right,No
21,1999,,Antonio Osuna,26,0,0,0.0,7.71,5,0,1,0,0,0,4.2,4,5,4,0,3,0,5,1,0,1,22,60,3.56,1.5,7.7,0.0,5.8,9.6,1.67,Right,No
1,1998,SP,Chan Ho Park,25,15,9,0.625,3.71,34,34,0,2,0,0,220.2,199,101,91,16,97,1,191,11,2,6,946,109,3.82,1.341,8.1,0.7,4.0,7.8,1.97,Right,No
2,1998,SP,Darren Dreifort,26,8,12,0.4,4.0,32,26,0,1,1,0,180.0,171,84,80,12,57,2,168,10,0,9,752,101,3.26,1.267,8.6,0.6,2.9,8.4,2.95,Right,No
3,1998,SP,Ismael Valdez,24,11,10,0.524,3.98,27,27,0,2,2,0,174.0,171,82,77,17,66,4,122,2,2,4,745,101,4.18,1.362,8.8,0.9,3.4,6.3,1.85,Right,No
4,1998,SP,Dave Mlicki,30,7,3,0.7,4.05,20,20,0,2,1,0,124.1,120,64,56,15,38,1,78,2,0,6,525,100,4.42,1.271,8.7,1.1,2.8,5.6,2.05,Right,No
5,1998,SP,Ramon Martinez,30,7,3,0.7,2.83,15,15,0,1,0,0,101.2,76,41,32,8,41,1,91,3,0,2,418,143,3.67,1.151,6.7,0.7,3.6,8.1,2.22,Right,No
6,1998,SP,Brian Bohanon,29,5,7,0.417,2.4,14,14,0,2,0,0,97.1,74,35,26,9,36,0,72,5,0,2,396,168,4.13,1.13,6.8,0.8,3.3,6.7,2.0,Left,No
7,1998,CL,Jeff Shaw,31,1,4,0.2,2.55,34,0,34,0,0,25,35.1,35,11,10,6,7,1,26,0,0,0,147,160,4.47,1.189,8.9,1.5,1.8,6.6,3.71,Right,No
8,1998,RP,Antonio Osuna,25,7,1,0.875,3.06,54,0,25,0,0,6,64.2,50,26,22,8,32,0,72,2,0,1,272,132,4.1,1.268,7.0,1.1,4.5,10.0,2.25,Right,No
9,1998,RP,Scott Radinsky,30,6,6,0.5,2.63,62,0,30,0,0,13,61.2,63,21,18,5,20,1,45,4,3,0,264,154,3.9,1.346,9.2,0.7,2.9,6.6,2.25,Left,No
10,1998,RP,Mark Guthrie,32,2,1,0.667,3.5,53,0,11,0,0,0,54.0,56,26,21,3,24,1,45,2,0,2,241,116,3.64,1.481,9.3,0.5,4.0,7.5,1.88,Left,No
11,1998,RP,Jim Bruske,33,3,0,1.0,3.48,35,0,10,0,0,1,44.0,47,18,17,2,19,1,31,3,0,3,195,117,3.82,1.5,9.6,0.4,3.9,6.3,1.63,Right,No
12,1998,,Carlos Perez,27,4,4,0.5,3.24,11,11,0,4,2,0,77.2,67,30,28,9,30,1,46,0,0,2,319,125,4.62,1.249,7.8,1.0,3.5,5.3,1.53,Left,No
13,1998,,Hideo Nomo,29,2,7,0.222,5.05,12,12,0,2,0,0,67.2,57,39,38,8,38,0,73,3,1,4,295,80,4.34,1.404,7.6,1.1,5.1,9.7,1.92,Right,No
14,1998,,Dennys Reyes,21,0,4,0.0,4.71,11,3,4,0,0,0,28.2,27,17,15,1,20,4,33,0,1,1,130,87,3.38,1.64,8.5,0.3,6.3,10.4,1.65,Left,No
15,1998,,Brad Clontz,27,2,0,1.0,5.66,18,0,6,0,0,0,20.2,15,13,13,3,10,4,14,2,0,0,87,72,5.41,1.21,6.5,1.3,4.4,6.1,1.4,Right,No
16,1998,,Frank Lankford,27,0,2,0.0,5.95,12,0,9,0,0,1,19.2,23,13,13,2,7,0,7,2,0,1,89,69,5.12,1.525,10.5,0.9,3.2,3.2,1.0,Right,No
17,1998,,Greg McMichael,31,0,1,0.0,4.4,12,0,1,0,0,1,14.1,17,8,7,1,6,3,11,1,0,1,66,94,3.98,1.605,10.7,0.6,3.8,6.9,1.83,Right,No
18,1998,,Sean Maloney,27,0,1,0.0,4.97,11,0,2,0,0,0,12.2,13,7,7,2,5,0,11,2,0,1,57,83,5.11,1.421,9.2,1.4,3.6,7.8,2.2,Right,No
19,1998,,Mike Judd,23,0,0,0.0,15.09,7,0,3,0,0,0,11.1,19,19,19,4,9,1,14,1,0,0,63,28,7.9,2.471,15.1,3.2,7.1,11.1,1.56,Right,No
20,1998,,Darren Hall,33,0,3,0.0,10.32,11,0,2,0,0,0,11.1,17,14,13,2,5,0,8,1,0,0,56,40,5.61,1.941,13.5,1.6,4.0,6.4,1.6,Right,No
21,1998,,Eric Weaver,24,2,0,1.0,0.93,7,0,4,0,0,0,9.2,5,1,1,1,6,0,5,0,0,0,35,449,5.31,1.138,4.7,0.9,5.6,4.7,0.83,Right,No
22,1998,,Jeff Kubenka,23,1,0,1.0,0.96,6,0,2,0,0,0,9.1,4,1,1,0,8,0,10,0,0,1,40,434,3.57,1.286,3.9,0.0,7.7,9.6,1.25,Left,No
23,1998,,Gary Rath,25,0,0,0.0,10.8,3,0,1,0,0,0,3.1,3,4,4,1,2,0,4,0,0,0,15,42,6.44,1.5,8.1,2.7,5.4,10.8,2.0,Left,No
24,1998,,Will Brunson,28,0,1,0.0,11.57,2,0,1,0,0,0,2.1,3,3,3,0,2,0,1,0,0,0,11,40,4.85,2.143,11.6,0.0,7.7,3.9,0.5,Left,No
25,1998,,Manuel Barrios,23,0,0,0.0,0.0,1,0,1,0,0,0,1.0,0,0,0,0,2,0,0,0,0,0,4,0,9.14,2.0,0.0,0.0,18.0,0.0,0.0,Right,No
1,1997,SP,Hideo Nomo,28,14,12,0.538,4.25,33,33,0,1,0,0,207.1,193,104,98,23,92,2,233,9,4,10,904,91,3.76,1.375,8.4,1.0,4.0,10.1,2.53,Right,No
2,1997,SP,Ismael Valdez,23,10,11,0.476,2.65,30,30,0,0,0,0,196.2,171,68,58,16,47,1,140,3,2,3,795,146,3.51,1.108,7.8,0.7,2.2,6.4,2.98,Right,No
3,1997,SP,Chan Ho Park,24,14,8,0.636,3.38,32,29,1,2,0,0,192.0,149,80,72,24,70,1,166,8,1,4,792,115,4.22,1.141,7.0,1.1,3.3,7.8,2.37,Right,No
4,1997,SP,Pedro Astacio,28,7,9,0.438,4.1,26,24,2,2,1,0,153.2,151,75,70,15,47,0,115,4,3,4,654,95,3.88,1.289,8.8,0.9,2.8,6.7,2.45,Right,No
5,1997,SP,Ramon Martinez,29,10,5,0.667,3.64,22,22,0,1,0,0,133.2,123,64,54,14,68,1,120,6,1,1,590,107,4.34,1.429,8.3,0.9,4.6,8.1,1.76,Right,No
6,1997,CL,Todd Worrell,37,2,6,0.25,5.28,65,0,55,0,0,35,59.2,60,38,35,12,23,1,61,0,0,1,265,74,4.84,1.391,9.1,1.8,3.5,9.2,2.65,Right,No
7,1997,RP,Mark Guthrie,31,1,4,0.2,5.32,62,0,18,0,0,1,69.1,71,44,41,12,30,6,42,0,1,2,305,73,5.45,1.457,9.2,1.6,3.9,5.5,1.4,Left,No
8,1997,RP,Darren Dreifort,25,5,2,0.714,2.86,48,0,15,0,0,4,63.0,45,21,20,3,34,2,63,1,1,3,265,136,3.39,1.254,6.4,0.4,4.9,9.0,1.85,Right,No
9,1997,RP,Scott Radinsky,29,5,1,0.833,2.89,75,0,14,0,0,3,62.1,54,22,20,4,21,5,44,1,0,0,258,135,3.59,1.203,7.8,0.6,3.0,6.4,2.1,Left,No
10,1997,RP,Darren Hall,32,3,2,0.6,2.3,63,0,20,0,0,2,54.2,58,15,14,3,26,7,39,0,0,0,233,169,3.82,1.537,9.5,0.5,4.3,6.4,1.5,Right,No
11,1997,,Tom Candiotti,40,10,7,0.588,3.6,41,18,6,0,0,0,135.0,128,60,54,21,40,4,89,11,0,4,573,108,4.95,1.244,8.5,1.4,2.7,5.9,2.23,Right,No
12,1997,,Antonio Osuna,24,3,4,0.429,2.19,48,0,18,0,0,0,61.2,46,15,15,6,19,2,68,1,0,2,245,178,3.14,1.054,6.7,0.9,2.8,9.9,3.58,Right,No
13,1997,,Dennys Reyes,20,2,3,0.4,3.83,14,5,0,0,0,0,47.0,51,21,20,4,18,3,36,1,1,2,207,102,3.9,1.468,9.8,0.8,3.4,6.9,2.0,Left,No
14,1997,,Mike Harkey,30,1,0,1.0,4.3,10,0,5,0,0,0,14.2,12,8,7,3,5,0,6,0,0,0,62,93,5.97,1.159,7.4,1.8,3.1,3.7,1.2,Right,No
15,1997,,Rick Gorecki,23,1,0,1.0,15.0,4,1,2,0,0,0,6.0,9,10,10,3,6,1,6,0,0,0,32,28,10.61,2.5,13.5,4.5,9.0,9.0,1.0,Right,No
16,1997,,Mike Judd,22,0,0,0.0,0.0,1,0,0,0,0,0,2.2,4,0,0,0,0,0,4,0,0,0,11,0,0.11,1.5,13.5,0.0,0.0,13.5,0.0,Right,No
1,1996,SP,Hideo Nomo,27,16,11,0.593,3.19,33,33,0,3,2,0,228.1,180,93,81,23,85,6,234,2,3,11,932,122,3.57,1.161,7.1,0.9,3.4,9.2,2.75,Right,No
2,1996,SP,Ismael Valdez,22,15,7,0.682,3.32,33,33,0,0,0,0,225.0,219,94,83,20,54,10,173,3,5,1,945,117,3.55,1.213,8.8,0.8,2.2,6.9,3.2,Right,No
3,1996,SP,Pedro Astacio,27,9,8,0.529,3.44,35,32,0,0,0,0,211.2,207,86,81,18,67,9,130,9,2,6,885,113,4.13,1.294,8.8,0.8,2.8,5.5,1.94,Right,No
4,1996,SP,Ramon Martinez,28,15,6,0.714,3.42,28,27,1,2,2,0,168.2,153,76,64,12,86,5,133,8,1,2,732,114,4.19,1.417,8.2,0.6,4.6,7.1,1.55,Right,No
5,1996,SP,Tom Candiotti,39,9,11,0.45,4.49,28,27,0,1,0,0,152.1,172,91,76,18,43,3,79,3,1,3,657,87,4.58,1.411,10.2,1.1,2.5,4.7,1.84,Right,No
6,1996,CL,Todd Worrell,36,4,6,0.4,3.03,72,0,67,0,0,44,65.1,70,29,22,5,15,1,66,2,1,4,285,129,2.93,1.301,9.6,0.7,2.1,9.1,4.4,Right,No
7,1996,RP,Chan Ho Park,23,5,5,0.5,3.64,48,10,7,0,0,0,108.2,82,48,44,7,71,3,119,4,3,4,477,107,3.89,1.408,6.8,0.6,5.9,9.9,1.68,Right,No
8,1996,RP,Antonio Osuna,23,9,6,0.6,3.0,73,0,21,0,0,4,84.0,65,33,28,6,32,12,85,2,2,3,342,130,3.29,1.155,7.0,0.6,3.4,9.1,2.66,Right,No
9,1996,RP,Mark Guthrie,30,2,3,0.4,2.22,66,0,16,0,0,1,73.0,65,21,18,3,22,2,56,1,0,1,302,176,3.12,1.192,8.0,0.4,2.7,6.9,2.55,Left,No
10,1996,RP,Scott Radinsky,28,5,1,0.833,2.41,58,0,19,0,0,1,52.1,52,19,14,2,17,5,48,0,3,0,221,163,2.81,1.318,8.9,0.3,2.9,8.3,2.82,Left,No
11,1996,,Joey Eischen,26,0,1,0.0,4.78,28,0,11,0,0,0,43.1,48,25,23,4,20,4,36,4,0,1,198,82,4.37,1.569,10.0,0.8,4.2,7.5,1.8,Left,No
12,1996,,Darren Dreifort,24,1,4,0.2,4.94,19,0,5,0,0,0,23.2,23,13,13,2,12,4,24,0,1,2,106,80,3.76,1.479,8.7,0.8,4.6,9.1,2.0,Right,No
13,1996,,Jim Bruske,31,0,0,0.0,5.68,11,0,5,0,0,0,12.2,17,8,8,2,3,1,12,1,0,1,58,70,4.28,1.579,12.1,1.4,2.1,8.5,4.0,Right,No
14,1996,,Darren Hall,31,0,2,0.0,6.0,9,0,3,0,0,0,12.0,13,9,8,2,5,0,12,0,0,0,53,67,4.59,1.5,9.8,1.5,3.8,9.0,2.4,Right,No
15,1996,,John Cummings,27,0,1,0.0,6.75,4,0,1,0,0,0,5.1,12,7,4,1,2,1,5,0,0,0,30,62,4.86,2.625,20.3,1.7,3.4,8.4,2.5,Left,No
1,1995,SP,Ramon Martinez,27,17,7,0.708,3.66,30,30,0,4,2,0,206.1,176,95,84,19,81,5,138,5,0,3,859,103,4.21,1.246,7.7,0.8,3.5,6.0,1.7,Right,No
2,1995,SP,Ismael Valdez,21,13,11,0.542,3.05,33,27,1,6,2,1,197.2,168,76,67,17,51,5,150,1,3,1,804,124,3.49,1.108,7.6,0.8,2.3,6.8,2.94,Right,No
3,1995,SP,Hideo Nomo,26,13,6,0.684,2.54,28,28,0,4,3,0,191.1,124,63,54,14,78,2,236,5,5,19,780,149,2.89,1.056,5.8,0.7,3.7,11.1,3.03,Right,No
4,1995,SP,Tom Candiotti,38,7,14,0.333,3.5,30,30,0,1,1,0,190.1,187,93,74,18,58,2,141,9,0,7,812,108,3.91,1.287,8.8,0.9,2.7,6.7,2.43,Right,No
5,1995,SP,Kevin Tapani,31,4,2,0.667,5.05,13,11,0,0,0,0,57.0,72,37,32,8,14,2,43,1,0,1,255,75,4.21,1.509,11.4,1.3,2.2,6.8,3.07,Right,No
6,1995,CL,Todd Worrell,35,4,1,0.8,2.02,59,0,53,0,0,32,62.1,50,15,14,4,19,2,61,1,0,2,249,188,2.94,1.107,7.2,0.6,2.7,8.8,3.21,Right,No
7,1995,RP,Pedro Astacio,26,7,8,0.467,4.24,48,11,7,1,1,0,104.0,103,53,49,12,29,5,80,4,0,5,436,89,4.02,1.269,8.9,1.0,2.5,6.9,2.76,Right,No
8,1995,RP,Antonio Osuna,22,2,4,0.333,4.43,39,0,8,0,0,0,44.2,39,22,22,5,20,2,46,1,0,1,186,86,3.91,1.321,7.9,1.0,4.0,9.3,2.3,Right,No
9,1995,RP,John Cummings,26,3,1,0.75,3.0,35,0,11,0,0,0,39.0,38,16,13,3,10,4,21,0,0,1,165,127,3.8,1.231,8.8,0.7,2.3,4.8,2.1,Left,No
10,1995,RP,Rudy Seanez,26,1,3,0.25,6.75,37,0,12,0,0,3,34.2,39,27,26,5,18,3,29,1,0,0,159,56,4.95,1.644,10.1,1.3,4.7,7.5,1.61,Right,No
11,1995,,Willie Banks,26,0,2,0.0,4.03,6,6,0,0,0,0,29.0,36,21,13,2,16,2,23,1,1,4,138,95,4.17,1.793,11.2,0.6,5.0,7.1,1.44,Right,No
12,1995,,Joey Eischen,25,0,0,0.0,3.1,17,0,8,0,0,0,20.1,19,9,7,1,11,1,15,2,0,1,95,124,4.18,1.475,8.4,0.4,4.9,6.6,1.36,Left,No
13,1995,,Omar Daal,23,4,0,1.0,7.2,28,0,0,0,0,0,20.0,29,16,16,1,15,4,11,1,1,0,100,53,5.05,2.2,13.1,0.5,6.8,5.0,0.73,Left,No
14,1995,,Mark Guthrie,29,0,2,0.0,3.66,24,0,7,0,0,0,19.2,19,11,8,1,9,2,19,1,0,2,91,105,3.36,1.424,8.7,0.5,4.1,8.7,2.11,Left,No
15,1995,,Todd Williams,24,2,2,0.5,5.12,16,0,5,0,0,0,19.1,19,11,11,3,7,2,8,0,0,0,83,75,5.38,1.345,8.8,1.4,3.3,3.7,1.14,Right,No
16,1995,,Greg Hansell,24,0,1,0.0,7.45,20,0,7,0,0,0,19.1,29,17,16,5,6,1,13,2,0,0,93,52,6.36,1.81,13.5,2.3,2.8,6.1,2.17,Right,No
17,1995,,Felix Rodriguez,22,1,1,0.5,2.53,11,0,5,0,0,0,10.2,11,3,3,2,5,0,5,0,0,0,45,154,6.01,1.5,9.3,1.7,4.2,4.2,1.0,Right,No
18,1995,,Jose Parra,22,0,0,0.0,4.35,8,0,0,0,0,0,10.1,10,8,5,2,6,1,7,1,1,0,47,90,6.3,1.548,8.7,1.7,5.2,6.1,1.17,Right,No
19,1995,,Jim Bruske,30,0,0,0.0,4.5,9,0,3,0,0,1,10.0,12,7,5,0,4,0,5,1,0,1,45,87,3.6,1.6,10.8,0.0,3.6,4.5,1.25,Right,No
20,1995,,Rob Murphy,35,0,1,0.0,12.6,6,0,1,0,0,0,5.0,6,7,7,2,3,0,2,0,0,1,23,32,9.3,1.8,10.8,3.6,5.4,3.6,0.67,Left,No
21,1995,,Chan Ho Park,22,0,0,0.0,4.5,2,1,0,0,0,0,4.0,2,2,2,1,2,0,7,0,1,0,16,92,4.35,1.0,4.5,2.3,4.5,15.8,3.5,Right,No
1,1994,SP,Ramon Martinez,26,12,7,0.632,3.97,24,24,0,4,3,0,170.0,160,83,75,18,56,2,119,6,0,2,718,99,4.2,1.271,8.5,1.0,3.0,6.3,2.13,Right,No
2,1994,SP,Kevin Gross,33,9,7,0.563,3.6,25,23,2,1,0,1,157.1,162,64,63,11,43,2,124,2,1,4,665,109,3.32,1.303,9.3,0.6,2.5,7.1,2.88,Right,No
3,1994,SP,Tom Candiotti,37,7,7,0.5,4.12,23,22,0,5,0,0,153.0,149,77,70,9,54,2,102,5,0,9,652,96,3.72,1.327,8.8,0.5,3.2,6.0,1.89,Right,No
4,1994,SP,Pedro Astacio,25,6,8,0.429,4.29,23,23,0,3,1,0,149.0,142,77,71,18,47,4,108,4,0,4,625,92,4.28,1.268,8.6,1.1,2.8,6.5,2.3,Right,No
5,1994,SP,Orel Hershiser,35,6,6,0.5,3.79,21,21,0,1,0,0,135.1,146,67,57,15,42,6,72,2,2,6,575,104,4.48,1.389,9.7,1.0,2.8,4.8,1.71,Right,No
6,1994,CL,Todd Worrell,34,6,5,0.545,4.29,38,0,27,0,0,11,42.0,37,21,20,4,12,1,44,1,0,1,173,92,3.2,1.167,7.9,0.9,2.6,9.4,3.67,Right,No
7,1994,RP,Roger McDowell,33,0,3,0.0,5.23,32,0,11,0,0,0,41.1,50,25,24,3,22,6,29,1,0,3,193,76,4.34,1.742,10.9,0.7,4.8,6.3,1.32,Right,No
8,1994,RP,Jim Gott,34,5,3,0.625,5.94,37,0,17,0,0,2,36.1,46,24,24,3,20,4,29,3,0,4,172,67,4.51,1.817,11.4,0.7,5.0,7.2,1.45,Right,No
9,1994,RP,Darren Dreifort,22,0,5,0.0,6.21,27,0,15,0,0,6,29.0,45,21,20,0,15,3,22,4,0,1,148,64,3.58,2.069,14.0,0.0,4.7,6.8,1.47,Right,No
10,1994,RP,Omar Daal,22,0,0,0.0,3.29,24,0,5,0,0,0,13.2,12,5,5,1,5,0,9,0,1,1,55,123,3.86,1.244,7.9,0.7,3.3,5.9,1.8,Left,No
11,1994,,Ismael Valdez,20,3,1,0.75,3.18,21,1,7,0,0,0,28.1,21,10,10,2,10,2,28,0,2,1,115,125,3.13,1.094,6.7,0.6,3.2,8.9,2.8,Right,No
12,1994,,Rudy Seanez,25,1,1,0.5,2.66,17,0,6,0,0,0,23.2,24,7,7,2,9,1,18,1,0,3,104,150,3.98,1.394,9.1,0.8,3.4,6.8,2.0,Right,No
13,1994,,Gary Wayne,31,1,3,0.25,4.67,19,0,4,0,0,0,17.1,19,13,9,2,6,2,10,3,0,1,79,86,5.03,1.442,9.9,1.0,3.1,5.2,1.67,Left,No
14,1994,,Al Osuna,28,2,0,1.0,6.23,15,0,4,0,0,0,8.2,13,6,6,0,4,0,7,0,1,0,43,66,2.9,1.962,13.5,0.0,4.2,7.3,1.75,Left,No
15,1994,,Brian Barnes,27,0,0,0.0,7.2,5,0,1,0,0,0,5.0,10,4,4,1,4,1,5,0,0,2,29,59,6.13,2.8,18.0,1.8,7.2,9.0,1.25,Left,No
16,1994,,Chan Ho Park,21,0,0,0.0,11.25,2,0,1,0,0,0,4.0,5,5,5,1,5,0,6,1,0,0,23,38,7.88,2.5,11.3,2.3,11.3,13.5,1.2,Right,No
1,1993,SP,Orel Hershiser,34,12,14,0.462,3.59,33,33,0,5,1,0,215.2,201,106,86,17,72,13,141,7,0,7,913,106,3.8,1.266,8.4,0.7,3.0,5.9,1.96,Right,No
2,1993,SP,Tom Candiotti,36,8,10,0.444,3.12,33,32,0,2,0,0,213.2,192,86,74,12,71,1,155,6,0,6,898,122,3.35,1.231,8.1,0.5,3.0,6.5,2.18,Right,No
3,1993,SP,Ramon Martinez,25,10,12,0.455,3.44,32,32,0,4,3,0,211.2,202,88,81,15,104,9,127,4,2,2,918,111,4.24,1.446,8.6,0.6,4.4,5.4,1.22,Right,No
4,1993,SP,Kevin Gross,32,13,13,0.5,4.14,33,32,1,3,0,0,202.1,224,110,93,15,74,7,150,5,5,2,892,92,3.64,1.473,10.0,0.7,3.3,6.7,2.03,Right,No
5,1993,SP,Pedro Astacio,24,14,9,0.609,3.57,31,31,0,3,2,0,186.1,165,80,74,14,68,5,122,5,9,8,777,107,3.83,1.25,8.0,0.7,3.3,5.9,1.79,Right,No
6,1993,CL,Jim Gott,33,4,8,0.333,2.32,62,0,45,0,0,25,77.2,71,23,20,6,17,5,67,1,0,5,313,165,2.96,1.133,8.2,0.7,2.0,7.8,3.94,Right,No
7,1993,RP,Pedro Martinez,21,10,5,0.667,2.61,65,2,20,0,0,2,107.0,76,34,31,5,57,4,119,4,1,3,444,146,3.08,1.243,6.4,0.4,4.8,10.0,2.09,Right,No
8,1993,RP,Roger McDowell,32,5,3,0.625,2.25,54,0,19,0,0,2,68.0,76,32,17,2,30,10,27,2,0,5,300,170,3.99,1.559,10.1,0.3,4.0,3.6,0.9,Right,No
9,1993,RP,Ricky Trlicek,24,1,2,0.333,4.08,41,0,18,0,0,1,64.0,59,32,29,3,21,4,41,2,1,4,267,94,3.39,1.25,8.3,0.4,3.0,5.8,1.95,Right,No
10,1993,RP,Omar Daal,21,2,3,0.4,5.09,47,0,12,0,0,0,35.1,36,20,20,5,21,3,19,0,2,1,155,76,5.54,1.613,9.2,1.3,5.3,4.8,0.9,Left,No
11,1993,,Todd Worrell,33,1,1,0.5,6.05,35,0,22,0,0,5,38.2,46,28,26,6,11,1,31,0,0,1,167,64,4.26,1.474,10.7,1.4,2.6,7.2,2.82,Right,No
12,1993,,Steve Wilson,28,1,0,1.0,4.56,25,0,4,0,0,1,25.2,30,13,13,2,14,4,23,1,0,3,120,85,3.96,1.714,10.5,0.7,4.9,8.1,1.64,Left,No
13,1993,,Kip Gross,28,0,0,0.0,0.6,10,0,0,0,0,0,15.0,13,1,1,0,4,0,12,0,0,0,59,651,2.19,1.133,7.8,0.0,2.4,7.2,3.0,Right,No
14,1993,,Rod Nichols,28,0,1,0.0,5.68,4,0,2,0,0,0,6.1,9,5,4,1,2,2,3,0,0,0,28,71,5.04,1.737,12.8,1.4,2.8,4.3,1.5,Right,No
15,1993,,John DeSilva,25,0,0,0.0,6.75,3,0,2,0,0,0,5.1,6,4,4,0,1,0,6,0,0,0,23,61,1.3,1.313,10.1,0.0,1.7,10.1,6.0,Right,No
1,1992,SP,Orel Hershiser,33,10,15,0.4,3.67,33,33,0,1,0,0,210.2,209,101,86,15,69,13,130,8,0,10,910,95,3.57,1.32,8.9,0.6,2.9,5.6,1.88,Right,No
2,1992,SP,Kevin Gross,31,8,13,0.381,3.17,34,30,0,4,3,0,204.2,182,82,72,11,77,10,158,3,2,4,856,110,3.11,1.265,8.0,0.5,3.4,6.9,2.05,Right,No
3,1992,SP,Tom Candiotti,35,11,15,0.423,3.0,32,30,1,6,2,0,203.2,177,78,68,13,63,5,152,3,2,9,839,116,3.09,1.178,7.8,0.6,2.8,6.7,2.41,Right,No
4,1992,SP,Bob Ojeda,34,6,9,0.4,3.63,29,29,0,2,1,0,166.1,169,80,67,8,81,8,94,1,0,3,731,96,3.76,1.503,9.1,0.4,4.4,5.1,1.16,Left,No
5,1992,SP,Ramon Martinez,24,8,11,0.421,4.0,25,25,0,1,1,0,150.2,141,82,67,11,69,4,101,5,0,9,662,87,3.86,1.394,8.4,0.7,4.1,6.0,1.46,Right,No
6,1992,SP,Pedro Astacio,23,5,5,0.5,1.98,11,11,0,4,4,0,82.0,80,23,18,1,20,4,43,2,0,1,341,177,2.7,1.22,8.8,0.1,2.2,4.7,2.15,Right,No
7,1992,CL,Roger McDowell,31,6,10,0.375,4.09,65,0,39,0,0,14,83.2,103,46,38,3,42,13,50,1,1,4,393,85,3.6,1.733,11.1,0.3,4.5,5.4,1.19,Right,No
8,1992,RP,Jim Gott,32,3,3,0.5,2.45,68,0,28,0,0,6,88.0,72,27,24,4,41,13,75,1,3,9,369,142,3.1,1.284,7.4,0.4,4.2,7.7,1.83,Right,No
9,1992,RP,Tim Crews,31,0,3,0.0,5.19,49,2,13,0,0,0,78.0,95,46,45,6,20,9,43,2,0,3,339,67,3.53,1.474,11.0,0.7,2.3,5.0,2.15,Right,No
10,1992,RP,Steve Wilson,27,2,5,0.286,4.19,60,0,18,0,0,0,66.2,74,37,31,6,29,7,54,1,0,7,301,84,3.68,1.545,10.0,0.8,3.9,7.3,1.86,Left,No
11,1992,RP,John Candelaria,38,2,5,0.286,2.84,50,0,11,0,0,5,25.1,20,9,8,1,13,3,23,0,0,1,108,124,3.02,1.303,7.1,0.4,4.6,8.2,1.77,Left,No
12,1992,,Jay Howell,36,1,3,0.25,1.54,41,0,26,0,0,4,46.2,41,9,8,2,18,5,36,1,1,3,203,227,3.02,1.264,7.9,0.4,3.5,6.9,2.0,Right,No
13,1992,,Kip Gross,27,1,1,0.5,4.18,16,1,7,0,0,0,23.2,32,14,11,1,10,1,14,0,1,1,109,85,3.42,1.775,12.2,0.4,3.8,5.3,1.4,Right,No
14,1992,,Pedro Martinez,20,0,1,0.0,2.25,2,1,1,0,0,0,8.0,6,2,2,0,1,0,8,0,0,0,31,163,1.16,0.875,6.8,0.0,1.1,9.0,8.0,Right,No
1,1991,SP,Mike Morgan,31,14,10,0.583,2.78,34,33,1,5,1,1,236.1,197,85,73,12,61,10,140,3,0,6,949,129,3.14,1.092,7.5,0.5,2.3,5.3,2.3,Right,No
2,1991,SP,Ramon Martinez,23,17,13,0.567,3.27,33,33,0,6,4,0,220.1,190,89,80,18,69,4,150,7,0,6,916,110,3.59,1.175,7.8,0.7,2.8,6.1,2.17,Right,No
3,1991,SP,Tim Belcher,29,10,9,0.526,2.62,33,33,0,2,1,0,209.1,189,76,61,10,75,3,156,2,0,7,880,137,3.09,1.261,8.1,0.4,3.2,6.7,2.08,Right,No
4,1991,SP,Bob Ojeda,33,12,9,0.571,3.18,31,31,0,2,1,0,189.1,181,78,67,15,70,9,120,3,2,4,802,113,3.78,1.326,8.6,0.7,3.3,5.7,1.71,Left,No
5,1991,SP,Orel Hershiser,32,7,2,0.778,3.46,21,21,0,0,0,0,112.0,112,43,43,3,32,6,73,5,4,2,473,104,2.89,1.286,9.0,0.2,2.6,5.9,2.28,Right,No
6,1991,CL,Jay Howell,35,6,5,0.545,3.18,44,0,35,0,0,16,51.0,39,19,18,3,11,3,40,1,0,0,202,114,2.76,0.98,6.9,0.5,1.9,7.1,3.64,Right,No
7,1991,RP,Kevin Gross,30,10,11,0.476,3.58,46,10,16,0,0,3,115.2,123,55,46,10,50,6,95,2,0,3,509,100,3.69,1.496,9.6,0.8,3.9,7.4,1.9,Right,No
8,1991,RP,Tim Crews,30,2,3,0.4,3.43,60,0,17,0,0,6,76.0,75,30,29,7,19,11,53,0,1,3,318,105,3.41,1.237,8.9,0.8,2.3,6.3,2.79,Right,No
9,1991,RP,Jim Gott,31,4,3,0.571,2.96,55,0,26,0,0,2,76.0,63,28,25,5,32,7,73,1,3,6,322,121,3.09,1.25,7.5,0.6,3.8,8.6,2.28,Right,No
10,1991,RP,John Candelaria,37,1,1,0.5,3.74,59,0,10,0,0,2,33.2,31,16,14,3,11,2,38,0,1,1,138,97,2.74,1.248,8.3,0.8,2.9,10.2,3.45,Left,No
11,1991,,Mike Hartley,29,2,0,1.0,4.42,40,0,11,0,0,1,57.0,53,29,28,7,37,7,44,3,1,8,258,82,5.01,1.579,8.4,1.1,5.8,6.9,1.19,Right,No
12,1991,,Roger McDowell,30,6,3,0.667,2.55,33,0,18,0,0,7,42.1,39,12,12,3,16,8,22,0,0,1,174,142,3.87,1.299,8.3,0.6,3.4,4.7,1.38,Right,No
13,1991,,Dennis Cook,28,1,0,1.0,0.51,20,1,5,0,0,0,17.2,12,3,1,0,7,1,8,0,0,0,69,719,3.14,1.075,6.1,0.0,3.6,4.1,1.14,Left,No
14,1991,,John Wetteland,24,1,0,1.0,0.0,6,0,3,0,0,0,9.0,5,2,0,0,3,0,9,1,0,1,36,0,2.19,0.889,5.0,0.0,3.0,9.0,3.0,Right,No
15,1991,,Steve Wilson,26,0,0,0.0,0.0,11,0,3,0,0,2,8.1,1,0,0,0,4,0,5,0,0,0,28,0,3.1,0.6,1.1,0.0,4.3,5.4,1.25,Left,No
16,1991,,Mike Christopher,27,0,0,0.0,0.0,3,0,2,0,0,0,4.0,2,0,0,0,3,0,2,0,0,0,15,0,4.11,1.25,4.5,0.0,6.8,4.5,0.67,Right,No
1,1990,SP,Ramon Martinez,22,20,6,0.769,2.92,33,33,0,12,3,0,234.1,191,89,76,22,67,5,223,4,3,3,950,126,3.03,1.101,7.3,0.8,2.6,8.6,3.33,Right,No
2,1990,SP,Mike Morgan,30,11,15,0.423,3.75,33,33,0,6,4,0,211.0,216,100,88,19,60,5,106,5,1,4,891,98,3.9,1.308,9.2,0.8,2.6,4.5,1.77,Right,No
3,1990,SP,Fernando Valenzuela,29,13,13,0.5,4.59,33,33,0,5,2,0,204.0,223,112,104,19,77,4,115,0,1,13,900,80,4.02,1.471,9.8,0.8,3.4,5.1,1.49,Left,No
4,1990,SP,Tim Belcher,28,9,9,0.5,4.0,24,24,0,5,2,0,153.0,136,76,68,17,48,0,102,2,1,6,627,92,3.9,1.203,8.0,1.0,2.8,6.0,2.13,Right,No
5,1990,SP,Jim Neidlinger,25,5,3,0.625,3.28,12,12,0,0,0,0,74.0,67,30,27,4,15,1,46,1,1,0,301,113,2.92,1.108,8.1,0.5,1.8,5.6,3.07,Right,No
6,1990,CL,Jay Howell,34,5,5,0.5,2.18,45,0,35,0,0,16,66.0,59,17,16,5,20,3,59,6,1,4,271,170,3.19,1.197,8.0,0.7,2.7,8.0,2.95,Right,No
7,1990,RP,Tim Crews,29,4,5,0.444,2.77,66,2,18,0,0,5,107.1,98,40,33,9,24,6,76,1,0,2,440,134,3.18,1.137,8.2,0.8,2.0,6.4,3.17,Right,No
8,1990,RP,Mike Hartley,28,6,3,0.667,2.95,32,6,8,1,1,1,79.1,58,32,26,7,30,2,76,2,0,3,325,126,3.25,1.109,6.6,0.8,3.4,8.6,2.53,Right,No
9,1990,RP,Jim Gott,30,3,5,0.375,2.9,50,0,24,0,0,3,62.0,59,27,20,5,34,7,44,0,0,4,270,128,4.08,1.5,8.6,0.7,4.9,6.4,1.29,Right,No
10,1990,RP,Don Aase,35,3,1,0.75,4.97,32,0,13,0,0,3,38.0,33,24,21,5,19,4,24,0,0,3,163,75,4.76,1.368,7.8,1.2,4.5,5.7,1.26,Right,No
11,1990,,John Wetteland,23,2,4,0.333,4.81,22,5,7,0,0,0,43.0,44,28,23,6,17,3,36,4,0,8,190,77,4.41,1.419,9.2,1.3,3.6,7.5,2.12,Right,No
12,1990,,Ray Searage,35,1,0,1.0,2.78,29,0,8,0,0,0,32.1,30,11,10,1,10,0,19,0,0,5,136,134,2.96,1.237,8.4,0.3,2.8,5.3,1.9,Left,No
13,1990,,Orel Hershiser,31,1,1,0.5,4.26,4,4,0,0,0,0,25.1,26,12,12,1,4,0,16,1,1,0,106,88,2.65,1.184,9.2,0.4,1.4,5.7,4.0,Right,No
14,1990,,Mike Maddux,28,0,1,0.0,6.53,11,2,3,0,0,0,20.2,24,15,15,3,4,0,11,1,0,2,88,58,4.36,1.355,10.5,1.3,1.7,4.8,2.75,Right,No
15,1990,,Terry Wells,26,1,2,0.333,7.84,5,5,0,0,0,0,20.2,25,23,18,4,14,0,18,0,0,1,102,48,5.61,1.887,10.9,1.7,6.1,7.8,1.29,Left,No
16,1990,,Darren Holmes,24,0,1,0.0,5.19,14,0,1,0,0,0,17.1,15,10,10,1,11,3,19,0,0,1,77,73,3.27,1.5,7.8,0.5,5.7,9.9,1.73,Right,No
17,1990,,Dave Walsh,29,1,0,1.0,3.86,20,0,7,0,0,1,16.1,15,12,7,1,6,1,15,0,1,1,70,98,2.87,1.286,8.3,0.6,3.3,8.3,2.5,Left,No
18,1990,,Dennis Cook,27,1,1,0.5,7.53,5,3,0,0,0,0,14.1,23,13,12,7,2,0,6,0,0,0,69,50,8.74,1.744,14.4,4.4,1.3,3.8,3.0,Left,No
19,1990,,Jim Poole,24,0,0,0.0,4.22,16,0,4,0,0,0,10.2,7,5,5,1,8,4,6,0,0,1,46,91,5.15,1.406,5.9,0.8,6.8,5.1,0.75,Left,No
20,1990,,Pat Perry,31,0,0,0.0,8.1,7,0,2,0,0,0,6.2,9,7,6,0,5,1,2,1,0,2,36,48,4.91,2.1,12.2,0.0,6.8,2.7,0.4,Left,No
21,1990,,Mike Munoz,24,0,1,0.0,3.18,8,0,3,0,0,0,5.2,6,2,2,0,3,0,2,0,0,0,24,124,3.69,1.588,9.5,0.0,4.8,3.2,0.67,Left,No
1,1989,SP,Orel Hershiser,30,15,15,0.5,2.31,35,33,0,8,4,0,256.2,226,75,66,9,77,14,178,3,4,8,1047,149,2.77,1.181,7.9,0.3,2.7,6.2,2.31,Right,No
2,1989,SP,Tim Belcher,27,15,12,0.556,2.82,39,30,6,10,8,1,230.0,182,81,72,20,80,5,200,7,2,7,937,122,3.29,1.139,7.1,0.8,3.1,7.8,2.5,Right,No
3,1989,SP,Fernando Valenzuela,28,10,13,0.435,3.43,31,31,0,3,0,0,196.2,185,89,75,11,98,6,116,2,4,6,852,100,3.84,1.439,8.5,0.5,4.5,5.3,1.18,Left,No
4,1989,SP,Tim Leary,30,6,7,0.462,3.38,19,17,0,2,0,0,117.1,107,45,44,9,37,7,59,2,0,4,481,102,3.75,1.227,8.2,0.7,2.8,4.5,1.59,Right,No
5,1989,SP,Ramon Martinez,21,6,4,0.6,3.19,15,15,0,2,2,0,98.2,79,39,35,11,41,1,89,5,0,1,410,108,3.81,1.216,7.2,1.0,3.7,8.1,2.17,Right,No
6,1989,CL,Jay Howell,33,5,3,0.625,1.58,56,0,41,0,0,28,79.2,60,15,14,3,22,6,55,0,0,1,312,218,2.7,1.029,6.8,0.3,2.5,6.2,2.5,Right,No
7,1989,RP,Mike Morgan,29,8,11,0.421,2.53,40,19,7,0,0,0,152.2,130,51,43,6,33,8,72,2,0,6,604,136,3.02,1.068,7.7,0.4,1.9,4.2,2.18,Right,No
8,1989,RP,Alejandro Pena,30,4,3,0.571,2.13,53,0,28,0,0,5,76.0,62,20,18,6,18,4,75,2,1,1,306,162,2.61,1.053,7.3,0.7,2.1,8.9,4.17,Right,No
9,1989,RP,Tim Crews,28,0,1,0.0,3.21,44,0,16,0,0,1,61.2,69,27,22,7,23,9,56,2,0,1,275,108,3.64,1.492,10.1,1.0,3.4,8.2,2.43,Right,No
10,1989,RP,Ray Searage,34,3,4,0.429,3.53,41,0,17,0,0,0,35.2,29,15,14,1,18,6,24,0,1,2,152,98,3.3,1.318,7.3,0.3,4.5,6.1,1.33,Left,No
11,1989,,John Wetteland,22,5,8,0.385,3.77,31,12,7,0,0,1,102.2,81,46,43,8,34,4,96,0,1,16,411,91,2.9,1.12,7.1,0.7,3.0,8.4,2.82,Right,No
12,1989,,Ricky Horton,29,0,0,0.0,5.06,23,0,6,0,0,0,26.2,35,15,15,1,11,2,12,1,0,0,120,69,3.7,1.725,11.8,0.3,3.7,4.1,1.09,Left,No
13,1989,,John Tudor,35,0,0,0.0,3.14,6,3,1,0,0,0,14.1,17,5,5,1,6,0,9,0,0,0,62,113,3.67,1.605,10.7,0.6,3.8,5.7,1.5,Left,No
14,1989,,Mike Hartley,27,0,1,0.0,1.5,5,0,3,0,0,0,6.0,2,1,1,0,0,0,4,0,0,0,20,246,1.43,0.333,3.0,0.0,0.0,6.0,0.0,Right,No
15,1989,,Jeff Fischer,25,0,0,0.0,13.5,2,0,0,0,0,0,3.1,7,5,5,1,0,0,2,0,0,0,17,29,5.46,2.1,18.9,2.7,0.0,5.4,0.0,Right,No
16,1989,,Mike Munoz,23,0,0,0.0,16.88,3,0,1,0,0,0,2.2,5,5,5,1,2,0,3,0,0,0,14,24,7.64,2.625,16.9,3.4,6.8,10.1,1.5,Left,No
17,1989,,Jeff Hamilton,25,0,1,0.0,5.4,1,0,1,0,0,0,1.2,2,1,1,0,1,1,2,0,0,0,8,81,2.16,1.8,10.8,0.0,5.4,10.8,2.0,Right,No
18,1989,,Mickey Hatcher,34,0,0,0.0,9.0,1,0,1,0,0,0,1.0,0,1,1,0,3,0,0,1,1,0,6,55,14.76,3.0,0.0,0.0,27.0,0.0,0.0,Right,No
1,1988,SP,Orel Hershiser,29,23,8,0.742,2.26,35,34,1,15,8,1,267.0,208,73,67,18,73,10,178,4,5,6,1068,149,3.18,1.052,7.0,0.6,2.5,6.0,2.44,Right,No
2,1988,SP,Tim Leary,29,17,11,0.607,2.91,35,34,0,9,6,0,228.2,201,87,74,13,56,4,180,6,6,9,932,115,2.75,1.124,7.9,0.5,2.2,7.1,3.21,Right,No
3,1988,SP,Tim Belcher,26,12,6,0.667,2.91,36,27,5,4,1,4,179.2,143,65,58,8,51,7,152,2,0,4,719,116,2.54,1.08,7.2,0.4,2.6,7.6,2.98,Right,No
4,1988,SP,Fernando Valenzuela,27,5,8,0.385,4.24,23,22,1,3,0,1,142.1,142,71,67,11,76,4,64,0,1,7,626,79,4.48,1.532,9.0,0.7,4.8,4.0,0.84,Left,No
5,1988,SP,Don Sutton,43,3,6,0.333,3.92,16,16,0,0,0,0,87.1,91,44,38,7,30,6,44,1,4,2,380,86,3.87,1.385,9.4,0.7,3.1,4.5,1.47,Right,No
6,1988,CL,Jay Howell,32,5,3,0.625,2.08,50,0,38,0,0,21,65.0,44,16,15,1,21,2,70,1,2,2,262,162,1.83,1.0,6.1,0.1,2.9,9.7,3.33,Right,No
7,1988,RP,Alejandro Pena,29,6,7,0.462,1.91,60,0,31,0,0,12,94.1,75,29,20,4,27,6,83,1,2,3,378,176,2.45,1.081,7.2,0.4,2.6,7.9,3.07,Right,No
8,1988,RP,Brian Holton,28,7,3,0.7,1.7,45,0,11,0,0,1,84.2,69,19,16,1,26,7,49,1,6,1,339,198,2.72,1.122,7.3,0.1,2.8,5.2,1.88,Right,No
9,1988,RP,Tim Crews,27,4,0,1.0,3.14,42,0,12,0,0,0,71.2,77,29,25,3,16,7,45,0,0,1,301,107,2.73,1.298,9.7,0.4,2.0,5.7,2.81,Right,No
10,1988,RP,Jesse Orosco,31,3,2,0.6,2.72,55,0,21,0,0,9,53.0,41,18,16,4,30,3,43,2,0,1,229,124,3.94,1.34,7.0,0.7,5.1,7.3,1.43,Left,No
11,1988,,Shawn Hillegas,23,3,4,0.429,4.13,11,10,0,0,0,0,56.2,54,26,26,5,17,1,30,3,0,3,239,82,3.92,1.253,8.6,0.8,2.7,4.8,1.76,Right,No
12,1988,,John Tudor,34,4,3,0.571,2.41,9,9,0,1,0,0,52.1,58,16,14,5,10,0,32,0,2,0,216,140,3.36,1.299,10.0,0.9,1.7,5.5,3.2,Left,No
13,1988,,Ramon Martinez,20,1,3,0.25,3.79,9,6,0,0,0,0,35.2,27,17,15,0,22,1,23,0,0,1,151,90,3.33,1.374,6.8,0.0,5.6,5.8,1.05,Right,No
14,1988,,Ken Howell,27,0,1,0.0,6.39,4,1,2,0,0,0,12.2,16,10,9,0,4,1,12,0,0,0,55,54,1.82,1.579,11.4,0.0,2.8,8.5,3.0,Right,No
15,1988,,Brad Havens,28,0,0,0.0,4.66,9,0,4,0,0,0,9.2,15,5,5,1,4,0,8,0,1,0,47,75,3.7,1.966,14.0,0.9,3.7,7.4,2.0,Left,No
16,1988,,William Brennan,25,0,1,0.0,6.75,4,2,2,0,0,0,9.1,13,7,7,0,6,1,7,0,1,2,44,52,3.2,2.036,12.5,0.0,5.8,6.8,1.17,Right,No
17,1988,,Ricky Horton,28,1,1,0.5,5.0,12,0,1,0,0,0,9.0,11,7,5,2,2,0,8,0,0,0,41,70,4.55,1.444,11.0,2.0,2.0,8.0,4.0,Left,No
18,1988,,Bill Krueger,30,0,0,0.0,11.57,1,1,0,0,0,0,2.1,4,3,3,0,2,1,1,1,0,0,14,35,5.77,2.571,15.4,0.0,7.7,3.9,0.5,Left,No
19,1988,,Danny Heep,30,0,0,0.0,9.0,1,0,1,0,0,0,2.0,2,2,2,1,0,0,0,0,0,1,9,46,9.27,1.0,9.0,4.5,0.0,0.0,0.0,Left,No
1,1987,SP,Orel Hershiser,28,16,16,0.5,3.06,37,35,2,10,1,1,264.2,247,105,90,17,74,5,190,9,2,11,1093,131,3.21,1.213,8.4,0.6,2.5,6.5,2.57,Right,No
2,1987,SP,Bob Welch,30,15,9,0.625,3.22,35,35,0,6,4,0,251.2,204,94,90,21,86,6,196,4,4,4,1027,125,3.47,1.152,7.3,0.8,3.1,7.0,2.28,Right,No
3,1987,SP,Fernando Valenzuela,26,14,14,0.5,3.98,34,34,0,12,1,0,251.0,254,120,111,25,124,4,190,4,1,14,1116,101,4.18,1.506,9.1,0.9,4.4,6.8,1.53,Left,No
4,1987,SP,Rick Honeycutt,33,2,12,0.143,4.59,27,20,0,1,1,0,115.2,133,74,59,10,45,4,92,2,0,4,525,88,3.62,1.539,10.3,0.8,3.5,7.2,2.04,Left,No
5,1987,CL,Alejandro Pena,28,2,7,0.222,3.5,37,7,17,0,0,11,87.1,82,41,34,9,37,5,76,2,1,0,377,115,3.81,1.363,8.5,0.9,3.8,7.8,2.05,Right,No
6,1987,RP,Tim Leary,28,3,11,0.214,4.76,39,12,11,0,0,1,107.2,121,62,57,15,36,5,61,2,1,3,469,84,4.61,1.458,10.1,1.3,3.0,5.1,1.69,Right,No
7,1987,RP,Brian Holton,27,3,2,0.6,3.89,53,1,26,0,0,2,83.1,87,39,36,11,32,11,58,0,4,0,360,103,4.35,1.428,9.4,1.2,3.5,6.3,1.81,Right,No
8,1987,RP,Ken Howell,26,3,4,0.429,4.91,40,2,17,0,0,1,55.0,54,32,30,7,29,2,60,0,1,5,239,82,3.93,1.509,8.8,1.1,4.7,9.8,2.07,Right,No
9,1987,RP,Matt Young,28,5,8,0.385,4.47,47,0,31,0,0,11,54.1,62,30,27,3,17,5,42,0,0,3,234,90,2.98,1.454,10.3,0.5,2.8,7.0,2.47,Left,No
10,1987,,Shawn Hillegas,22,4,3,0.571,3.57,12,10,1,0,0,0,58.0,52,27,23,5,31,0,51,0,0,4,252,113,3.84,1.431,8.1,0.8,4.8,7.9,1.65,Right,No
11,1987,,Brad Havens,27,0,0,0.0,4.33,31,1,10,0,0,1,35.1,30,18,17,2,23,11,23,1,3,3,157,93,4.34,1.5,7.6,0.5,5.9,5.9,1.0,Left,No
12,1987,,Tim Belcher,25,4,2,0.667,2.38,6,5,1,0,0,0,34.0,30,11,9,2,7,0,23,0,1,0,135,170,2.9,1.088,7.9,0.5,1.9,6.1,3.29,Right,No
13,1987,,Tim Crews,26,1,1,0.5,2.48,20,0,7,0,0,3,29.0,30,9,8,2,8,1,20,2,0,0,124,163,3.42,1.31,9.3,0.6,2.5,6.2,2.5,Right,No
14,1987,,Tom Niedenfuer,27,1,0,1.0,2.76,15,0,8,0,0,1,16.1,13,5,5,1,9,1,10,1,0,1,70,149,4.28,1.347,7.2,0.6,5.0,5.5,1.11,Right,No
15,1987,,Ron Davis,31,0,0,0.0,6.75,4,0,2,0,0,0,4.0,7,4,3,0,6,2,1,1,0,2,25,65,7.62,3.25,15.8,0.0,13.5,2.3,0.17,Right,No
16,1987,,Jack Savage,23,0,0,0.0,2.7,3,0,0,0,0,0,3.1,4,1,1,0,0,0,0,0,0,0,14,165,2.87,1.2,10.8,0.0,0.0,0.0,0.0,Right,No
17,1987,,Bill Krueger,29,0,0,0.0,0.0,2,0,0,0,0,0,2.1,3,2,0,0,1,0,2,0,0,0,13,0,2.44,1.714,11.6,0.0,3.9,7.7,2.0,Left,No
18,1987,,Jerry Reuss,38,0,0,0.0,4.5,1,0,0,0,0,0,2.0,2,1,1,0,0,0,2,0,0,0,8,106,0.87,1.0,9.0,0.0,0.0,9.0,0.0,Left,No
1,1986,SP,Fernando Valenzuela,25,21,11,0.656,3.14,34,34,0,20,3,0,269.1,226,104,94,18,85,5,242,1,0,13,1102,110,2.8,1.155,7.6,0.6,2.8,8.1,2.85,Left,No
2,1986,SP,Bob Welch,29,7,13,0.35,3.28,33,33,0,7,3,0,235.2,227,95,86,14,55,6,183,7,1,2,981,106,2.78,1.197,8.7,0.5,2.1,7.0,3.33,Right,No
3,1986,SP,Orel Hershiser,27,14,14,0.5,3.85,35,35,0,8,1,0,231.1,213,112,99,13,86,11,153,5,3,12,988,90,3.36,1.293,8.3,0.5,3.3,6.0,1.78,Right,No
4,1986,SP,Rick Honeycutt,32,11,9,0.55,3.32,32,28,2,0,0,0,171.0,164,71,63,9,45,4,100,3,1,4,713,105,3.13,1.222,8.6,0.5,2.4,5.3,2.22,Left,No
5,1986,SP,Jerry Reuss,37,2,6,0.25,5.84,19,13,3,0,0,1,74.0,96,57,48,13,17,4,29,2,0,2,331,60,5.04,1.527,11.7,1.6,2.1,3.5,1.71,Left,No
6,1986,CL,Ken Howell,25,6,12,0.333,3.87,62,0,36,0,0,12,97.2,86,48,42,7,63,9,104,3,0,4,437,90,3.6,1.526,7.9,0.6,5.8,9.6,1.65,Right,No
7,1986,RP,Tom Niedenfuer,26,6,6,0.5,3.71,60,0,27,0,0,11,80.0,86,35,33,11,29,15,55,1,0,2,345,94,4.31,1.438,9.7,1.2,3.3,6.2,1.9,Right,No
8,1986,RP,Ed Vande Berg,27,1,5,0.167,3.41,60,0,29,0,0,0,71.1,83,32,27,8,33,7,42,1,0,1,325,102,4.48,1.626,10.5,1.0,4.2,5.3,1.27,Left,No
9,1986,RP,Alejandro Pena,27,1,2,0.333,4.89,24,10,6,0,0,1,70.0,74,40,38,6,30,5,46,1,1,1,309,71,3.9,1.486,9.5,0.8,3.9,5.9,1.53,Right,No
10,1986,RP,Dennis Powell,22,2,7,0.222,4.27,27,6,5,0,0,0,65.1,65,32,31,5,25,7,31,1,2,7,272,82,4.01,1.378,9.0,0.7,3.4,4.3,1.24,Left,No
11,1986,,Carlos Diaz,28,0,0,0.0,4.26,19,0,9,0,0,0,25.1,33,14,12,2,7,2,18,0,0,2,113,83,3.21,1.579,11.7,0.7,2.5,6.4,2.57,Left,No
12,1986,,Brian Holton,26,2,3,0.4,4.44,12,3,4,0,0,0,24.1,28,13,12,1,6,2,24,1,0,1,106,79,2.2,1.397,10.4,0.4,2.2,8.9,4.0,Right,No
13,1986,,Balvino Gálvez,22,0,1,0.0,3.92,10,0,2,0,0,0,20.2,19,10,9,3,12,2,11,0,2,0,91,90,5.34,1.5,8.3,1.3,5.2,4.8,0.92,Right,No
14,1986,,Joe Beckwith,31,0,0,0.0,6.87,15,0,4,0,0,0,18.1,28,16,14,5,6,0,13,0,0,0,86,52,5.88,1.855,13.7,2.5,2.9,6.4,2.17,Right,No
1,1985,SP,Fernando Valenzuela,24,17,10,0.63,2.45,35,35,0,14,5,0,272.1,211,92,74,14,101,5,208,1,1,10,1109,141,2.95,1.146,7.0,0.5,3.3,6.9,2.06,Left,No
2,1985,SP,Orel Hershiser,26,19,3,0.864,2.03,36,34,1,9,5,0,239.2,179,72,54,8,68,5,157,6,0,5,953,171,2.73,1.031,6.7,0.3,2.6,5.9,2.31,Right,No
3,1985,SP,Jerry Reuss,36,14,10,0.583,2.92,34,33,0,5,3,0,212.2,210,78,69,13,58,7,84,3,0,5,883,119,3.55,1.26,8.9,0.6,2.5,3.6,1.45,Left,No
4,1985,SP,Bob Welch,28,14,4,0.778,2.31,23,23,0,8,3,0,167.1,141,49,43,16,35,2,96,6,4,7,675,150,3.51,1.052,7.6,0.9,1.9,5.2,2.74,Right,No
5,1985,SP,Rick Honeycutt,31,8,12,0.4,3.42,31,25,2,1,0,1,142.0,141,71,54,9,49,7,67,1,0,2,600,101,3.62,1.338,8.9,0.6,3.1,4.2,1.37,Left,No
6,1985,CL,Tom Niedenfuer,25,7,9,0.438,2.71,64,0,43,0,0,19,106.1,86,32,32,6,24,5,102,1,0,0,415,128,2.2,1.034,7.3,0.5,2.0,8.6,4.25,Right,No
7,1985,RP,Ken Howell,24,4,7,0.364,3.77,56,0,31,0,0,12,86.0,66,41,36,8,35,3,85,0,2,4,356,92,3.14,1.174,6.9,0.8,3.7,8.9,2.43,Right,No
8,1985,RP,Carlos Diaz,27,6,3,0.667,2.61,46,0,21,0,0,0,79.1,70,28,23,7,18,6,73,0,0,1,326,133,2.67,1.109,7.9,0.8,2.0,8.3,4.06,Left,No
9,1985,RP,Bobby Castillo,30,2,2,0.5,5.43,35,5,5,0,0,0,68.0,59,42,41,9,41,6,57,1,0,2,301,64,4.58,1.471,7.8,1.2,5.4,7.5,1.39,Right,No
10,1985,RP,Steve Howe,27,1,1,0.5,4.91,19,0,14,0,0,3,22.0,30,17,12,2,5,2,11,1,0,2,104,72,3.68,1.591,12.3,0.8,2.0,4.5,2.2,Left,No
11,1985,,Tom Brennan,32,1,3,0.25,7.39,12,4,2,0,0,0,31.2,41,26,26,2,11,4,17,0,3,0,144,47,3.47,1.642,11.7,0.6,3.1,4.8,1.55,Right,No
12,1985,,Dennis Powell,21,1,1,0.5,5.22,16,2,6,0,0,1,29.1,30,19,17,7,13,3,19,1,0,3,133,67,5.92,1.466,9.2,2.1,4.0,5.8,1.46,Left,No
13,1985,,Alejandro Pena,26,0,1,0.0,8.31,2,1,0,0,0,0,4.1,7,5,4,1,3,1,2,0,0,0,23,46,6.84,2.308,14.5,2.1,6.2,4.2,0.67,Right,No
14,1985,,Brian Holton,25,1,1,0.5,9.0,3,0,0,0,0,0,4.0,9,7,4,0,1,0,1,0,0,1,21,43,2.93,2.5,20.3,0.0,2.3,2.3,1.0,Right,No
1,1984,SP,Fernando Valenzuela,23,12,17,0.414,3.03,34,34,0,12,2,0,261.0,218,109,88,14,106,4,240,2,1,11,1078,116,2.87,1.241,7.5,0.5,3.7,8.3,2.26,Left,No
2,1984,SP,Alejandro Pena,25,12,6,0.667,2.48,28,28,0,8,4,0,199.1,186,67,55,7,46,7,135,3,1,5,813,142,2.61,1.164,8.4,0.3,2.1,6.1,2.93,Right,No
3,1984,SP,Rick Honeycutt,30,10,9,0.526,2.84,29,28,0,6,2,0,183.2,180,72,58,11,51,11,75,2,2,1,762,124,3.6,1.258,8.8,0.5,2.5,3.7,1.47,Left,No
4,1984,SP,Bob Welch,27,13,13,0.5,3.78,31,29,0,3,1,0,178.2,191,86,75,11,58,7,126,2,2,4,771,93,3.17,1.394,9.6,0.6,2.9,6.3,2.17,Right,No
5,1984,CL,Tom Niedenfuer,24,2,5,0.286,2.47,33,0,21,0,0,11,47.1,39,14,13,3,23,7,45,2,1,1,203,144,3.28,1.31,7.4,0.6,4.4,8.6,1.96,Right,No
6,1984,RP,Orel Hershiser,25,11,8,0.579,2.66,45,20,10,8,4,2,189.2,160,65,56,9,50,8,150,4,1,8,771,133,2.66,1.107,7.6,0.4,2.4,7.1,3.0,Right,No
7,1984,RP,Burt Hooton,34,3,6,0.333,3.44,54,6,20,0,0,4,110.0,109,43,42,5,43,6,62,0,0,2,463,103,3.4,1.382,8.9,0.4,3.5,5.1,1.44,Right,No
8,1984,RP,Pat Zachry,32,5,6,0.455,3.81,58,0,23,0,0,2,82.2,84,38,35,3,51,13,55,2,0,2,376,93,3.83,1.633,9.1,0.3,5.6,6.0,1.08,Right,No
9,1984,RP,Carlos Diaz,26,1,0,1.0,5.49,37,0,17,0,0,1,41.0,47,26,25,4,24,5,36,0,0,2,191,65,4.04,1.732,10.3,0.9,5.3,7.9,1.5,Left,No
10,1984,,Jerry Reuss,35,5,7,0.417,3.82,30,15,9,2,0,1,99.0,102,51,42,4,31,7,44,0,1,4,428,93,3.34,1.343,9.3,0.4,2.8,4.0,1.42,Left,No
11,1984,,Ken Howell,23,5,5,0.5,3.33,32,1,19,0,0,6,51.1,51,21,19,1,9,4,54,1,0,0,207,107,1.5,1.169,8.9,0.2,1.6,9.5,6.0,Right,No
12,1984,,Larry White,25,0,1,0.0,3.0,7,1,4,0,0,0,12.0,9,5,4,2,6,2,10,0,1,1,50,122,4.77,1.25,6.8,1.5,4.5,7.5,1.67,Right,No
13,1984,,Rich Rodas,24,0,0,0.0,5.4,3,0,0,0,0,0,5.0,5,3,3,2,1,0,1,0,1,0,21,71,8.17,1.2,9.0,3.6,1.8,1.8,1.0,Left,No
1,1983,SP,Fernando Valenzuela,22,15,10,0.6,3.75,35,35,0,9,4,0,257.0,245,122,107,16,99,10,189,3,1,12,1094,96,3.28,1.339,8.6,0.6,3.5,6.6,1.91,Left,No
2,1983,SP,Jerry Reuss,34,12,11,0.522,2.94,32,31,0,7,0,0,223.1,233,94,73,12,50,5,143,2,2,3,935,123,2.87,1.267,9.4,0.5,2.0,5.8,2.86,Left,No
3,1983,SP,Bob Welch,26,15,12,0.556,2.65,31,31,0,4,3,0,204.0,164,73,60,13,72,4,156,3,6,4,828,136,3.16,1.157,7.2,0.6,3.2,6.9,2.17,Right,No
4,1983,SP,Alejandro Pena,24,12,9,0.571,2.75,34,26,4,4,3,1,177.0,152,67,54,7,51,7,120,1,1,2,730,131,2.79,1.147,7.7,0.4,2.6,6.1,2.35,Right,No
5,1983,SP,Burt Hooton,33,9,8,0.529,4.22,33,27,0,2,0,0,160.0,156,86,75,21,59,4,87,2,0,3,684,86,4.52,1.344,8.8,1.2,3.3,4.9,1.47,Right,No
6,1983,CL,Steve Howe,25,4,7,0.364,1.44,46,0,33,0,0,18,68.2,55,15,11,2,12,7,52,1,0,3,274,251,2.19,0.976,7.2,0.3,1.6,6.8,4.33,Left,No
7,1983,RP,Tom Niedenfuer,23,8,3,0.727,1.9,66,0,38,0,0,11,94.2,55,22,20,6,29,11,66,1,0,1,366,190,3.14,0.887,5.2,0.6,2.8,6.3,2.28,Right,No
8,1983,RP,Dave Stewart,26,5,2,0.714,2.96,46,1,25,0,0,8,76.0,67,28,25,4,33,7,54,2,0,2,328,122,3.4,1.316,7.9,0.5,3.9,6.4,1.64,Right,No
9,1983,RP,Joe Beckwith,28,3,4,0.429,3.55,42,3,15,0,0,1,71.0,73,40,28,5,35,11,50,1,0,1,321,102,3.78,1.521,9.3,0.6,4.4,6.3,1.43,Right,No
10,1983,RP,Pat Zachry,31,6,1,0.857,2.49,40,1,11,0,0,0,61.1,63,22,17,4,21,6,36,1,0,0,257,145,3.51,1.37,9.2,0.6,3.1,5.3,1.71,Right,No
11,1983,,Rick Honeycutt,29,2,3,0.4,5.77,9,7,0,1,0,0,39.0,46,26,25,6,13,4,18,2,1,0,172,63,4.99,1.513,10.6,1.4,3.0,4.2,1.38,Left,No
12,1983,,Orel Hershiser,24,0,0,0.0,3.38,8,0,4,0,0,1,8.0,7,6,3,1,6,0,5,0,0,1,37,112,5.38,1.625,7.9,1.1,6.8,5.6,0.83,Right,No
13,1983,,Larry White,24,0,0,0.0,1.29,4,0,2,0,0,0,7.0,4,1,1,0,3,0,5,0,0,0,26,297,2.61,1.0,5.1,0.0,3.9,6.4,1.67,Right,No
14,1983,,Ricky Wright,24,0,0,0.0,2.84,6,0,3,0,0,0,6.1,5,2,2,0,2,1,5,0,0,1,26,135,2.12,1.105,7.1,0.0,2.8,7.1,2.5,Left,No
15,1983,,Sid Fernandez,20,0,1,0.0,6.0,2,1,0,0,0,0,6.0,7,4,4,0,7,0,9,1,0,0,33,64,3.76,2.333,10.5,0.0,10.5,13.5,1.29,Left,No
16,1983,,Rich Rodas,23,0,0,0.0,1.93,7,0,1,0,0,0,4.2,4,1,1,0,3,1,5,0,1,5,21,204,2.54,1.5,7.7,0.0,5.8,9.6,1.67,Left,No
1,1982,SP,Fernando Valenzuela,21,19,13,0.594,2.87,37,37,0,18,4,0,285.0,247,105,91,13,83,12,199,2,0,4,1156,122,2.81,1.158,7.8,0.4,2.6,6.3,2.4,Left,No
2,1982,SP,Jerry Reuss,33,18,11,0.621,3.11,39,37,2,8,4,0,254.2,232,98,88,11,50,10,138,2,3,7,1036,113,2.81,1.107,8.2,0.4,1.8,4.9,2.76,Left,No
3,1982,SP,Bob Welch,25,16,11,0.593,3.36,36,36,0,9,3,0,235.2,199,94,88,19,81,5,176,5,1,5,965,104,3.37,1.188,7.6,0.7,3.1,6.7,2.17,Right,No
4,1982,SP,Burt Hooton,32,4,7,0.364,4.03,21,21,0,2,2,0,120.2,130,57,54,5,33,2,51,2,0,4,514,87,3.28,1.351,9.7,0.4,2.5,3.8,1.55,Right,No
5,1982,CL,Steve Howe,24,7,5,0.583,2.08,66,0,41,0,0,13,99.1,87,27,23,3,17,11,49,0,0,1,393,169,2.64,1.047,7.9,0.3,1.5,4.4,2.88,Left,No
6,1982,RP,Dave Stewart,25,9,8,0.529,3.81,45,14,9,0,0,1,146.1,137,72,62,14,49,11,80,2,0,3,616,92,3.91,1.271,8.4,0.9,3.0,4.9,1.63,Right,No
7,1982,RP,Terry Forster,30,5,6,0.455,3.04,56,0,13,0,0,3,83.0,66,38,28,3,31,9,52,4,0,2,349,116,3.2,1.169,7.2,0.3,3.4,5.6,1.68,Left,No
8,1982,RP,Tom Niedenfuer,22,3,4,0.429,2.71,55,0,24,0,0,9,69.2,71,22,21,3,25,8,60,2,0,1,299,130,2.72,1.378,9.2,0.4,3.2,7.8,2.4,Right,No
9,1982,RP,Alejandro Pena,23,0,2,0.0,4.79,29,0,11,0,0,0,35.2,37,24,19,2,21,7,20,1,1,1,160,74,4.17,1.626,9.3,0.5,5.3,5.0,0.95,Right,No
10,1982,,Joe Beckwith,27,2,1,0.667,2.7,19,1,5,0,0,1,40.0,38,14,12,2,14,5,33,0,0,0,170,131,2.77,1.3,8.6,0.5,3.2,7.4,2.36,Right,No
11,1982,,Vicente Romo,39,1,2,0.333,3.03,15,6,6,0,0,1,35.2,25,12,12,1,14,0,24,2,1,1,147,117,3.08,1.093,6.3,0.3,3.5,6.1,1.71,Right,No
12,1982,,Ted Power,27,1,1,0.5,6.68,12,4,4,0,0,0,33.2,38,27,25,4,23,1,15,0,3,3,160,53,5.42,1.812,10.2,1.1,6.1,4.0,0.65,Right,No
13,1982,,Ricky Wright,23,2,1,0.667,3.03,14,5,3,0,0,0,32.2,28,12,11,1,20,6,24,0,0,1,145,117,3.48,1.469,7.7,0.3,5.5,6.6,1.2,Left,No
14,1982,,Steve Shirley,25,1,1,0.5,4.26,11,0,6,0,0,0,12.2,15,6,6,0,7,2,8,0,1,2,58,85,3.11,1.737,10.7,0.0,5.0,5.7,1.14,Left,No
15,1982,,Dave Goltz,33,0,1,0.0,4.91,2,1,1,0,0,0,3.2,6,4,2,0,0,0,3,0,0,0,17,80,1.08,1.636,14.7,0.0,0.0,7.4,0.0,Right,No
1,1981,SP,Fernando Valenzuela,20,13,7,0.65,2.48,25,25,0,11,8,0,192.1,140,55,53,11,61,4,180,1,0,4,758,135,2.44,1.045,6.6,0.5,2.9,8.4,2.95,Left,No
2,1981,SP,Jerry Reuss,32,10,4,0.714,2.3,22,22,0,8,2,0,152.2,138,44,39,6,27,3,51,4,0,1,608,146,3.05,1.081,8.1,0.4,1.6,3.0,1.89,Left,No
3,1981,SP,Burt Hooton,31,11,6,0.647,2.28,23,23,0,5,4,0,142.1,124,42,36,3,33,2,74,2,0,3,571,148,2.57,1.103,7.8,0.2,2.1,4.7,2.24,Right,No
4,1981,SP,Bob Welch,24,9,5,0.643,3.44,23,23,0,2,1,0,141.1,141,56,54,11,41,0,88,3,0,2,601,98,3.3,1.288,9.0,0.7,2.6,5.6,2.15,Right,No
5,1981,CL,Steve Howe,23,5,3,0.625,2.5,41,0,25,0,0,8,54.0,51,17,15,2,18,7,32,0,0,0,227,135,2.9,1.278,8.5,0.3,3.0,5.3,1.78,Left,No
6,1981,RP,Dave Goltz,32,2,7,0.222,4.09,26,8,3,0,0,1,77.0,83,35,35,4,25,3,48,0,1,2,319,82,3.0,1.403,9.7,0.5,2.9,5.6,1.92,Right,No
7,1981,RP,Bobby Castillo,26,2,4,0.333,5.33,34,1,15,0,0,5,50.2,50,31,30,5,24,4,35,0,0,0,220,63,3.92,1.461,8.9,0.9,4.3,6.2,1.46,Right,No
8,1981,RP,Dave Stewart,24,4,3,0.571,2.49,32,0,14,0,0,6,43.1,40,13,12,3,14,5,29,0,0,4,184,136,3.13,1.246,8.3,0.6,2.9,6.0,2.07,Right,No
9,1981,RP,Terry Forster,29,0,1,0.0,4.11,21,0,6,0,0,0,30.2,37,14,14,1,15,3,17,0,0,3,137,83,3.38,1.696,10.9,0.3,4.4,5.0,1.13,Left,No
10,1981,,Rick Sutcliffe,25,2,2,0.5,4.02,14,6,5,0,0,0,47.0,41,24,21,5,20,2,16,2,0,0,197,84,4.71,1.298,7.9,1.0,3.8,3.1,0.8,Right,No
11,1981,,Tom Niedenfuer,21,3,1,0.75,3.81,17,0,8,0,0,2,26.0,25,11,11,1,6,2,12,1,0,0,107,90,2.98,1.192,8.7,0.3,2.1,4.2,2.0,Right,No
12,1981,,Alejandro Pena,22,1,1,0.5,2.84,14,0,7,0,0,2,25.1,18,8,8,2,11,1,14,0,0,0,104,120,3.82,1.145,6.4,0.7,3.9,5.0,1.27,Right,No
13,1981,,Ted Power,26,1,3,0.25,3.14,5,2,1,0,0,0,14.1,16,6,5,0,7,2,7,1,0,0,66,110,3.3,1.605,10.0,0.0,4.4,4.4,1.0,Right,No
1,1980,SP,Jerry Reuss,31,18,6,0.75,2.51,37,29,7,10,6,3,229.1,193,74,64,12,40,9,111,0,1,3,907,141,2.99,1.016,7.6,0.5,1.6,4.4,2.78,Left,No
2,1980,SP,Bob Welch,23,14,9,0.609,3.29,32,32,0,3,2,0,213.2,190,85,78,15,79,6,141,3,5,7,889,108,3.5,1.259,8.0,0.6,3.3,5.9,1.78,Right,No
3,1980,SP,Don Sutton,35,13,5,0.722,2.2,32,31,1,4,2,1,212.1,163,56,52,20,47,5,128,2,1,0,833,161,3.46,0.989,6.9,0.8,2.0,5.4,2.72,Right,No
4,1980,SP,Burt Hooton,30,14,8,0.636,3.66,34,33,1,4,2,1,206.2,194,90,84,22,64,1,118,0,1,4,858,97,3.92,1.248,8.4,1.0,2.8,5.1,1.84,Right,No
5,1980,SP,Dave Goltz,31,7,11,0.389,4.31,35,27,2,2,2,1,171.1,198,91,82,12,59,3,91,0,1,3,739,82,3.63,1.5,10.4,0.6,3.1,4.8,1.54,Right,No
6,1980,CL,Steve Howe,22,7,9,0.438,2.66,59,0,36,0,0,17,84.2,83,33,25,1,22,10,39,2,0,1,359,134,2.83,1.24,8.8,0.1,2.3,4.1,1.77,Left,No
7,1980,RP,Rick Sutcliffe,24,3,9,0.25,5.56,42,10,19,1,1,5,110.0,122,73,68,10,55,2,59,1,5,4,491,64,4.39,1.609,10.0,0.8,4.5,4.8,1.07,Right,No
8,1980,RP,Bobby Castillo,25,8,6,0.571,2.75,61,0,29,0,0,5,98.1,70,31,30,4,45,5,60,1,0,3,395,129,3.46,1.169,6.4,0.4,4.1,5.5,1.33,Right,No
9,1980,RP,Joe Beckwith,25,3,3,0.5,1.96,38,0,16,0,0,0,59.2,60,17,13,1,23,4,40,1,0,4,258,182,2.84,1.391,9.1,0.2,3.5,6.0,1.74,Right,No
10,1980,RP,Don Stanhouse,29,2,2,0.5,5.04,21,0,12,0,0,7,25.0,30,14,14,4,16,3,5,0,0,0,117,71,6.35,1.84,10.8,1.4,5.8,1.8,0.31,Right,No
11,1980,,Charlie Hough,32,1,3,0.25,5.57,19,1,5,0,0,1,32.1,37,21,20,4,21,0,25,2,0,3,156,64,4.95,1.794,10.3,1.1,5.8,7.0,1.19,Right,No
12,1980,,Fernando Valenzuela,19,2,0,1.0,0.0,10,0,4,0,0,1,17.2,8,2,0,0,5,0,16,0,1,0,66,0,1.79,0.736,4.1,0.0,2.5,8.2,3.2,Left,No
13,1980,,Terry Forster,28,0,0,0.0,3.09,9,0,7,0,0,0,11.2,10,4,4,0,4,0,2,0,0,0,49,119,3.44,1.2,7.7,0.0,3.1,1.5,0.5,Left,No
1,1979,SP,Rick Sutcliffe,23,17,10,0.63,3.46,39,30,2,5,1,0,242.0,217,104,93,16,97,6,117,2,6,8,1016,105,3.85,1.298,8.1,0.6,3.6,4.4,1.21,Right,No
2,1979,SP,Don Sutton,34,12,15,0.444,3.82,33,32,1,6,1,1,226.0,201,109,96,21,61,6,146,1,1,4,927,95,3.47,1.159,8.0,0.8,2.4,5.8,2.39,Right,No
3,1979,SP,Burt Hooton,29,11,10,0.524,2.97,29,29,0,12,1,0,212.0,191,85,70,11,63,4,129,2,0,6,874,122,3.11,1.198,8.1,0.5,2.7,5.5,2.05,Right,No
4,1979,SP,Jerry Reuss,30,7,14,0.333,3.54,39,21,11,4,1,3,160.0,178,88,63,4,60,7,83,3,0,7,712,103,3.2,1.488,10.0,0.2,3.4,4.7,1.38,Left,No
5,1979,SP,Andy Messersmith,33,2,4,0.333,4.91,11,11,0,1,0,0,62.1,55,34,34,9,34,2,26,0,0,3,266,74,5.41,1.428,7.9,1.3,4.9,3.8,0.76,Right,No
6,1979,SP,Doug Rau,30,1,5,0.167,5.3,11,11,0,1,1,0,56.0,73,37,33,3,22,0,28,4,0,1,260,69,3.82,1.696,11.7,0.5,3.5,4.5,1.27,Left,No
7,1979,CL,Bobby Castillo,24,2,0,1.0,1.11,19,0,15,0,0,7,24.1,26,5,3,0,13,1,25,1,0,0,110,333,2.4,1.603,9.6,0.0,4.8,9.2,1.92,Right,No
8,1979,RP,Charlie Hough,31,7,5,0.583,4.76,42,14,10,0,0,0,151.1,152,88,80,16,66,2,76,8,1,9,662,76,4.57,1.441,9.0,1.0,3.9,4.5,1.15,Right,No
9,1979,RP,Dave Patterson,22,4,1,0.8,5.26,36,0,19,0,0,6,53.0,62,35,31,5,22,6,34,0,0,0,238,69,3.92,1.585,10.5,0.8,3.7,5.8,1.55,Right,No
10,1979,RP,Ken Brett,30,4,3,0.571,3.45,30,0,14,0,0,2,47.0,52,20,18,1,12,2,13,1,1,0,202,106,3.29,1.362,10.0,0.2,2.3,2.5,1.08,Left,No
11,1979,RP,Lerrin LaGrow,30,5,1,0.833,3.41,31,0,18,0,0,4,37.0,38,16,14,2,18,2,22,0,1,2,161,108,3.7,1.514,9.2,0.5,4.4,5.4,1.22,Right,No
12,1979,,Bob Welch,22,5,6,0.455,3.98,25,12,10,1,0,5,81.1,82,42,36,7,32,4,64,3,0,0,349,92,3.57,1.402,9.1,0.8,3.5,7.1,2.0,Right,No
13,1979,,Joe Beckwith,24,1,2,0.333,4.34,17,0,8,0,0,2,37.1,42,18,18,4,15,1,28,0,1,0,168,85,3.83,1.527,10.1,1.0,3.6,6.8,1.87,Right,No
14,1979,,Terry Forster,27,1,2,0.333,5.51,17,0,8,0,0,2,16.1,18,11,10,0,11,4,8,0,0,1,73,68,3.77,1.776,9.9,0.0,6.1,4.4,0.73,Left,No
15,1979,,Gerry Hannahs,26,0,2,0.0,3.38,4,2,2,0,0,1,16.0,10,8,6,2,13,1,6,0,0,1,71,110,6.04,1.438,5.6,1.1,7.3,3.4,0.46,Left,No
16,1979,,Dennis Lewallyn,25,0,1,0.0,5.11,7,0,4,0,0,0,12.1,19,8,7,0,5,3,1,1,0,0,61,73,4.03,1.946,13.9,0.0,3.6,0.7,0.2,Right,No
17,1979,,Lance Rautzhan,26,0,2,0.0,7.45,12,0,10,0,0,1,9.2,9,9,8,0,11,2,5,1,0,2,47,51,5.42,2.069,8.4,0.0,10.2,4.7,0.45,Left,No
1,1978,SP,Don Sutton,33,15,11,0.577,3.55,34,34,0,12,2,0,238.1,228,109,94,29,54,7,154,5,0,6,990,99,3.62,1.183,8.6,1.1,2.0,5.8,2.85,Right,No
2,1978,SP,Burt Hooton,28,19,10,0.655,2.71,32,32,0,10,3,0,236.0,196,74,71,17,61,4,104,0,0,3,942,130,3.42,1.089,7.5,0.6,2.3,4.0,1.7,Right,No
3,1978,SP,Tommy John,35,17,10,0.63,3.3,33,30,3,7,0,1,213.0,230,95,78,11,53,7,124,5,1,6,912,107,2.91,1.329,9.7,0.5,2.2,5.2,2.34,Left,No
4,1978,SP,Doug Rau,29,15,9,0.625,3.26,30,30,0,7,2,0,199.0,219,82,72,17,68,5,95,2,1,0,859,108,3.8,1.442,9.9,0.8,3.1,4.3,1.4,Left,No
5,1978,SP,Rick Rhoden,25,10,8,0.556,3.66,30,23,4,6,3,0,164.2,160,77,67,13,51,0,79,3,0,7,697,96,3.64,1.281,8.7,0.7,2.8,4.3,1.55,Right,No
6,1978,SP,Bob Welch,21,7,4,0.636,2.02,23,13,6,4,3,3,111.1,92,28,25,6,26,2,66,1,2,2,439,174,2.83,1.06,7.4,0.5,2.1,5.3,2.54,Right,No
7,1978,CL,Terry Forster,26,5,4,0.556,1.93,47,0,40,0,0,22,65.1,56,19,14,2,23,4,46,0,1,2,266,183,2.63,1.209,7.7,0.3,3.2,6.3,2.0,Left,No
8,1978,RP,Charlie Hough,30,5,5,0.5,3.28,55,0,31,0,0,7,93.1,69,38,34,6,48,4,66,5,0,6,390,108,3.71,1.254,6.7,0.6,4.6,6.4,1.38,Right,No
9,1978,RP,Lance Rautzhan,25,2,1,0.667,2.93,43,0,18,0,0,4,61.1,61,22,20,1,19,3,25,1,0,1,258,120,2.96,1.304,9.0,0.1,2.8,3.7,1.32,Left,No
10,1978,RP,Bobby Castillo,23,0,4,0.0,3.97,18,0,7,0,0,1,34.0,28,19,15,2,33,7,30,0,1,0,160,90,4.5,1.794,7.4,0.5,8.7,7.9,0.91,Right,No
11,1978,RP,Mike Garman,28,0,1,0.0,4.41,10,0,6,0,0,0,16.1,15,8,8,3,3,0,5,0,2,0,63,82,4.91,1.102,8.3,1.7,1.7,2.8,1.67,Right,No
12,1978,,Dave Stewart,21,0,0,0.0,0.0,1,0,1,0,0,0,2.0,1,0,0,0,0,0,1,0,0,0,6,0,1.59,0.5,4.5,0.0,0.0,4.5,0.0,Right,No
13,1978,,Dennis Lewallyn,24,0,0,0.0,0.0,1,0,0,0,0,0,2.0,2,0,0,0,0,0,0,0,0,0,8,0,2.59,1.0,9.0,0.0,0.0,0.0,0.0,Right,No
14,1978,,Gerry Hannahs,25,0,0,0.0,9.0,1,0,0,0,0,0,2.0,3,2,2,0,0,0,5,0,0,2,9,48,-2.42,1.5,13.5,0.0,0.0,22.5,0.0,Left,No
15,1978,,Rick Sutcliffe,22,0,0,0.0,0.0,2,0,0,0,0,0,1.2,2,0,0,0,1,0,0,1,0,0,9,0,6.19,1.8,10.8,0.0,5.4,0.0,0.0,Right,No
1,1977,SP,Don Sutton,32,14,8,0.636,3.18,33,33,0,9,3,0,240.1,207,93,85,23,69,2,150,3,1,5,979,121,3.63,1.148,7.8,0.9,2.6,5.6,2.17,Right,No
2,1977,SP,Burt Hooton,27,12,7,0.632,2.62,32,31,1,6,2,1,223.1,184,74,65,14,60,5,153,3,1,5,897,147,3.03,1.093,7.4,0.6,2.4,6.2,2.55,Right,No
3,1977,SP,Tommy John,34,20,7,0.741,2.78,31,31,0,11,3,0,220.1,225,82,68,12,50,3,123,3,0,6,906,138,3.05,1.248,9.2,0.5,2.0,5.0,2.46,Left,No
4,1977,SP,Rick Rhoden,24,16,10,0.615,3.74,31,31,0,4,1,0,216.1,223,98,90,20,63,1,122,2,0,5,906,103,3.71,1.322,9.3,0.8,2.6,5.1,1.94,Right,No
5,1977,SP,Doug Rau,28,14,8,0.636,3.43,32,32,0,4,2,0,212.1,232,87,81,15,49,2,126,6,1,3,896,112,3.25,1.323,9.8,0.6,2.1,5.3,2.57,Left,No
6,1977,CL,Charlie Hough,29,6,12,0.333,3.32,70,1,53,0,0,22,127.1,98,53,47,10,70,6,105,7,0,8,551,116,3.92,1.319,6.9,0.7,4.9,7.4,1.5,Right,No
7,1977,RP,Elias Sosa,27,2,2,0.5,1.98,44,0,20,0,0,1,63.2,42,15,14,7,12,3,47,1,0,1,239,195,3.3,0.848,5.9,1.0,1.7,6.6,3.92,Right,No
8,1977,RP,Mike Garman,27,4,4,0.5,2.73,49,0,30,0,0,12,62.2,60,20,19,7,22,5,29,2,1,0,264,141,4.41,1.309,8.6,1.0,3.2,4.2,1.32,Right,No
9,1977,RP,Stan Wall,26,2,3,0.4,5.34,25,0,9,0,0,0,32.0,36,20,19,3,13,2,22,1,0,0,145,73,3.9,1.531,10.1,0.8,3.7,6.2,1.69,Left,No
10,1977,RP,Lance Rautzhan,24,4,1,0.8,4.35,25,0,5,0,0,2,20.2,25,10,10,0,7,1,13,0,0,0,89,90,2.5,1.548,10.9,0.0,3.0,5.7,1.86,Left,No
11,1977,,Al Downing,36,0,1,0.0,6.75,12,1,2,0,0,0,20.0,22,15,15,4,16,0,23,0,0,1,99,58,5.44,1.9,9.9,1.8,7.2,10.4,1.44,Left,No
12,1977,,Dennis Lewallyn,23,3,1,0.75,4.24,5,1,2,0,0,1,17.0,22,8,8,1,4,1,8,0,0,1,76,93,3.27,1.529,11.6,0.5,2.1,4.2,2.0,Right,No
13,1977,,Bobby Castillo,22,1,0,1.0,3.97,6,1,3,0,0,0,11.1,12,5,5,2,2,0,7,0,0,0,46,100,4.33,1.235,9.5,1.6,1.6,5.6,3.5,Right,No
14,1977,,Hank Webb,27,0,0,0.0,2.25,5,0,3,0,0,0,8.0,5,2,2,1,1,0,2,1,0,0,29,179,4.61,0.75,5.6,1.1,1.1,2.3,2.0,Right,No
1,1976,SP,Don Sutton,31,21,10,0.677,3.06,35,34,1,15,4,0,267.2,231,98,91,22,82,6,161,3,1,4,1093,110,3.45,1.169,7.8,0.7,2.8,5.4,1.96,Right,No
2,1976,SP,Doug Rau,27,16,12,0.571,2.57,34,32,0,8,3,0,231.0,221,71,66,18,69,1,98,7,1,2,950,131,3.78,1.255,8.6,0.7,2.7,3.8,1.42,Left,No
3,1976,SP,Burt Hooton,26,11,15,0.423,3.26,33,33,0,8,4,0,226.2,203,93,82,16,60,6,116,1,0,2,925,104,3.33,1.16,8.1,0.6,2.4,4.6,1.93,Right,No
4,1976,SP,Tommy John,33,10,10,0.5,3.09,31,31,0,6,2,0,207.0,207,76,71,7,61,4,91,0,1,7,868,109,3.08,1.295,9.0,0.3,2.7,4.0,1.49,Left,No
5,1976,SP,Rick Rhoden,23,12,3,0.8,2.98,27,26,0,10,3,0,181.0,165,66,60,17,53,2,77,1,0,3,744,113,3.9,1.204,8.2,0.8,2.6,3.8,1.45,Right,No
6,1976,CL,Charlie Hough,28,12,8,0.6,2.21,77,0,55,0,0,18,142.2,102,43,35,6,77,3,81,8,0,9,600,153,3.83,1.255,6.4,0.4,4.9,5.1,1.05,Right,No
7,1976,RP,Mike Marshall,33,4,3,0.571,4.45,30,0,23,0,0,8,62.2,64,33,31,2,25,2,39,1,0,1,273,76,3.05,1.42,9.2,0.3,3.6,5.6,1.56,Right,No
8,1976,RP,Stan Wall,25,2,2,0.5,3.6,31,0,15,0,0,1,50.0,50,21,20,5,15,2,27,2,0,0,211,94,3.87,1.3,9.0,0.9,2.7,4.9,1.8,Left,No
9,1976,RP,Al Downing,35,1,2,0.333,3.86,17,3,6,0,0,0,46.2,43,21,20,3,18,1,30,0,0,2,196,88,3.34,1.307,8.3,0.6,3.5,5.8,1.67,Left,No
10,1976,RP,Elias Sosa,26,2,4,0.333,3.48,24,0,14,0,0,1,33.2,30,16,13,0,12,4,20,0,0,1,141,98,2.51,1.248,8.0,0.0,3.2,5.3,1.67,Right,No
11,1976,,Dennis Lewallyn,22,1,1,0.5,2.16,4,2,1,0,0,0,16.2,12,5,4,1,6,0,4,0,0,1,67,160,4.01,1.08,6.5,0.5,3.2,2.2,0.67,Right,No
12,1976,,Rick Sutcliffe,20,0,0,0.0,0.0,1,1,0,0,0,0,5.0,2,0,0,0,1,0,3,0,0,0,17,0,2.03,0.6,3.6,0.0,1.8,5.4,3.0,Right,No
1,1975,SP,Andy Messersmith,29,19,14,0.576,2.29,42,40,2,19,7,1,321.2,244,92,82,22,96,2,213,5,0,8,1276,149,3.09,1.057,6.8,0.6,2.7,6.0,2.22,Right,No
2,1975,SP,Doug Rau,26,15,9,0.625,3.11,38,38,0,8,2,0,257.2,227,96,89,18,61,1,151,3,4,1,1046,110,3.07,1.118,7.9,0.6,2.1,5.3,2.48,Left,No
3,1975,SP,Don Sutton,30,16,13,0.552,2.87,35,35,0,11,4,0,254.1,202,87,81,17,62,5,175,3,0,7,1031,119,2.85,1.038,7.1,0.6,2.2,6.2,2.82,Right,No
4,1975,SP,Burt Hooton,25,18,7,0.72,2.82,31,30,0,12,4,0,223.2,172,76,70,16,64,2,148,0,1,3,895,121,3.05,1.055,6.9,0.6,2.6,6.0,2.31,Right,No
5,1975,CL,Mike Marshall,32,9,14,0.391,3.29,58,0,46,0,0,13,109.1,98,46,40,8,39,4,64,4,0,4,469,104,3.55,1.253,8.1,0.7,3.2,5.3,1.64,Right,No
6,1975,RP,Rick Rhoden,22,3,3,0.5,3.08,26,11,5,1,0,0,99.1,94,40,34,8,32,1,40,1,2,2,415,111,3.83,1.268,8.5,0.7,2.9,3.6,1.25,Right,No
7,1975,RP,Al Downing,34,2,1,0.667,2.89,22,6,6,0,0,1,74.2,59,31,24,6,28,1,39,2,1,2,311,119,3.79,1.165,7.1,0.7,3.4,4.7,1.39,Left,No
8,1975,RP,Charlie Hough,27,3,7,0.3,2.95,38,0,24,0,0,4,61.0,43,25,20,3,34,0,34,8,1,4,266,117,4.18,1.262,6.3,0.4,5.0,5.0,1.0,Right,No
9,1975,RP,Jim Brewer,37,3,1,0.75,5.18,21,0,14,0,0,2,33.0,44,20,19,2,12,2,21,1,0,1,152,67,3.28,1.697,12.0,0.5,3.3,5.7,1.75,Left,No
10,1975,,Stan Wall,24,0,1,0.0,1.69,10,0,5,0,0,0,16.0,12,6,3,0,7,0,6,1,0,1,66,208,3.34,1.188,6.8,0.0,3.9,3.4,0.86,Left,No
11,1975,,Dave Sells,28,0,2,0.0,3.86,5,0,5,0,0,0,7.0,6,3,3,2,3,0,1,0,0,0,30,94,7.3,1.286,7.7,2.6,3.9,1.3,0.33,Right,No
12,1975,,Juan Marichal,37,0,1,0.0,13.5,2,2,0,0,0,0,6.0,11,9,9,2,5,1,1,0,1,0,34,27,9.09,2.667,16.5,3.0,7.5,1.5,0.2,Right,No
13,1975,,Geoff Zahn,29,0,1,0.0,9.0,2,0,2,0,0,0,3.0,2,3,3,0,5,1,1,0,0,1,14,44,6.92,2.333,6.0,0.0,15.0,3.0,0.2,Left,No
14,1975,,Dennis Lewallyn,21,0,0,0.0,0.0,2,0,2,0,0,0,3.0,1,0,0,0,0,0,0,0,0,0,10,0,2.59,0.333,3.0,0.0,0.0,0.0,0.0,Right,No
1,1974,SP,Andy Messersmith,28,20,6,0.769,2.59,39,39,0,13,3,0,292.1,227,93,84,24,94,0,221,3,3,6,1179,132,3.13,1.098,7.0,0.7,2.9,6.8,2.35,Right,No
2,1974,SP,Don Sutton,29,19,9,0.679,3.23,40,40,0,10,5,0,276.0,241,111,99,23,80,2,179,6,2,4,1148,106,3.3,1.163,7.9,0.8,2.6,5.8,2.24,Right,No
3,1974,SP,Doug Rau,25,13,11,0.542,3.72,36,35,0,3,1,0,198.1,191,90,82,20,70,1,126,4,1,3,848,92,3.74,1.316,8.7,0.9,3.2,5.7,1.8,Left,No
4,1974,SP,Tommy John,31,13,3,0.813,2.59,22,22,0,5,3,0,153.0,133,51,44,4,42,0,78,1,0,5,616,132,2.74,1.144,7.8,0.2,2.5,4.6,1.86,Left,No
5,1974,SP,Al Downing,33,5,6,0.455,3.66,21,16,2,1,1,0,98.1,94,52,40,7,45,0,63,3,0,3,427,94,3.69,1.414,8.6,0.6,4.1,5.8,1.4,Left,No
6,1974,CL,Mike Marshall,31,15,12,0.556,2.42,106,0,83,0,0,21,208.1,191,66,56,9,56,1,143,1,3,5,857,141,2.59,1.186,8.3,0.4,2.4,6.2,2.55,Right,No
7,1974,RP,Charlie Hough,26,9,4,0.692,3.75,49,0,16,0,0,1,96.0,65,45,40,12,40,2,63,4,0,4,389,91,4.27,1.094,6.1,1.1,3.8,5.9,1.58,Right,No
8,1974,RP,Geoff Zahn,28,3,5,0.375,2.03,21,10,3,1,0,0,79.2,78,28,18,3,16,1,33,2,0,2,330,169,2.92,1.18,8.8,0.3,1.8,3.7,2.06,Left,No
9,1974,RP,Jim Brewer,36,4,4,0.5,2.52,24,0,18,0,0,0,39.1,29,14,11,5,10,1,26,0,0,2,156,137,3.67,0.992,6.6,1.1,2.3,5.9,2.6,Left,No
10,1974,,Rick Rhoden,21,1,0,1.0,2.0,4,0,1,0,0,0,9.0,5,2,2,1,4,1,7,0,0,0,35,179,3.8,1.0,5.0,1.0,4.0,7.0,1.75,Right,No
11,1974,,Greg Shanahan,26,0,0,0.0,3.86,4,0,2,0,0,0,7.0,7,3,3,1,5,0,2,0,0,0,34,94,6.01,1.714,9.0,1.3,6.4,2.6,0.4,Right,No
12,1974,,Eddie Solomon,23,0,0,0.0,1.5,4,0,4,0,0,1,6.0,5,1,1,1,2,0,2,0,0,2,25,245,5.08,1.167,7.5,1.5,3.0,3.0,1.0,Right,No
13,1974,,Rex Hudson,20,0,0,0.0,22.5,1,0,0,0,0,0,2.0,6,5,5,2,0,0,0,0,0,0,12,19,15.58,3.0,27.0,9.0,0.0,0.0,0.0,Right,No
1,1973,SP,Don Sutton,28,18,10,0.643,2.42,33,33,0,14,3,0,256.1,196,78,69,18,56,4,200,5,0,10,1006,144,2.63,0.983,6.9,0.6,2.0,7.0,3.57,Right,No
2,1973,SP,Andy Messersmith,27,14,10,0.583,2.7,33,33,0,10,3,0,249.2,196,90,75,24,77,3,177,6,1,6,1015,129,3.4,1.093,7.1,0.9,2.8,6.4,2.3,Right,No
3,1973,SP,Claude Osteen,33,16,11,0.593,3.31,33,33,0,12,3,0,236.2,227,97,87,20,61,2,86,2,0,7,961,106,3.74,1.217,8.6,0.8,2.3,3.3,1.41,Left,No
4,1973,SP,Tommy John,30,16,7,0.696,3.1,36,31,3,4,2,0,218.0,202,88,75,16,50,2,116,4,0,3,888,113,3.2,1.156,8.3,0.7,2.1,4.8,2.32,Left,No
5,1973,SP,Al Downing,32,9,9,0.5,3.31,30,28,1,5,2,0,193.0,155,87,71,19,68,3,124,1,1,7,790,106,3.63,1.155,7.2,0.9,3.2,5.8,1.82,Left,No
6,1973,CL,Jim Brewer,35,6,8,0.429,3.01,56,0,39,0,0,20,71.2,58,26,24,8,25,9,56,0,0,4,292,116,3.5,1.158,7.3,1.0,3.1,7.0,2.24,Left,No
7,1973,RP,Charlie Hough,25,4,2,0.667,2.76,37,0,18,0,0,5,71.2,52,24,22,3,45,2,70,6,0,2,309,127,3.29,1.353,6.5,0.4,5.7,8.8,1.56,Right,No
8,1973,RP,Doug Rau,24,4,2,0.667,3.96,31,3,14,0,0,3,63.2,64,28,28,5,28,2,51,1,0,0,280,89,3.35,1.445,9.0,0.7,4.0,7.2,1.82,Left,No
9,1973,RP,Pete Richert,33,3,3,0.5,3.18,39,0,21,0,0,7,51.0,44,18,18,5,19,5,31,1,2,1,216,111,3.8,1.235,7.8,0.9,3.4,5.5,1.63,Left,No
10,1973,RP,George Culver,29,4,4,0.5,3.0,28,0,13,0,0,2,42.0,45,15,14,4,21,6,23,1,0,2,185,117,4.28,1.571,9.6,0.9,4.5,4.9,1.1,Right,No
11,1973,,Greg Shanahan,25,0,0,0.0,3.45,7,0,4,0,0,1,15.2,14,6,6,2,4,0,11,0,0,1,66,104,3.59,1.149,8.0,1.1,2.3,6.3,2.75,Right,No
12,1973,,Geoff Zahn,27,1,0,1.0,1.35,6,1,2,0,0,0,13.1,5,2,2,2,2,0,9,0,0,1,48,267,3.62,0.525,3.4,1.4,1.4,6.1,4.5,Left,No
13,1973,,Eddie Solomon,22,0,0,0.0,7.11,4,0,1,0,0,0,6.1,10,5,5,3,4,0,6,1,0,1,33,52,9.2,2.211,14.2,4.3,5.7,8.5,1.5,Right,No
14,1973,,Greg Heydeman,21,0,0,0.0,4.5,1,0,1,0,0,0,2.0,2,1,1,0,1,0,1,1,0,2,11,95,4.57,1.5,9.0,0.0,4.5,4.5,1.0,Right,No
1,1972,SP,Don Sutton,27,19,9,0.679,2.08,33,33,0,18,9,0,272.2,186,78,63,13,63,1,207,4,1,9,1061,162,2.24,0.913,6.1,0.4,2.1,6.8,3.29,Right,No
2,1972,SP,Claude Osteen,32,20,11,0.645,2.64,33,33,0,14,4,0,252.0,232,82,74,16,69,4,100,4,0,5,1033,127,3.3,1.194,8.3,0.6,2.5,3.6,1.45,Left,No
3,1972,SP,Al Downing,31,9,9,0.5,2.98,31,30,1,7,4,0,202.2,196,81,67,13,67,2,117,7,1,2,868,113,3.17,1.298,8.7,0.6,3.0,5.2,1.75,Left,No
4,1972,SP,Tommy John,29,11,5,0.688,2.89,29,29,0,4,1,0,186.2,172,68,60,14,40,1,117,3,0,10,766,116,2.81,1.136,8.3,0.7,1.9,5.6,2.93,Left,No
5,1972,SP,Bill Singer,28,6,16,0.273,3.67,26,25,0,4,3,0,169.1,148,84,69,8,60,4,101,5,0,5,708,92,2.97,1.228,7.9,0.4,3.2,5.4,1.68,Right,No
6,1972,CL,Jim Brewer,34,8,7,0.533,1.26,51,0,41,0,0,17,78.1,41,16,11,6,25,11,69,2,0,1,303,267,2.67,0.843,4.7,0.7,2.9,7.9,2.76,Left,No
7,1972,RP,Pete Mikkelsen,32,5,5,0.5,4.06,33,0,17,0,0,5,57.2,65,32,26,3,23,4,41,5,1,3,265,83,3.11,1.526,10.1,0.5,3.6,6.4,1.78,Right,No
8,1972,RP,Pete Richert,32,2,3,0.4,2.25,37,0,22,0,0,6,52.0,42,17,13,3,18,5,38,1,0,2,213,150,2.78,1.154,7.3,0.5,3.1,6.6,2.11,Left,No
9,1972,RP,Mike Strahler,25,1,2,0.333,3.26,19,2,5,1,0,0,47.0,42,25,17,5,22,1,25,1,0,2,207,104,4.19,1.362,8.0,1.0,4.2,4.8,1.14,Right,No
10,1972,RP,Hoyt Wilhelm,49,0,1,0.0,4.62,16,0,9,0,0,1,25.1,20,16,13,0,15,0,9,0,0,4,112,74,3.46,1.382,7.1,0.0,5.3,3.2,0.6,Right,No
11,1972,,Doug Rau,23,2,2,0.5,2.2,7,3,3,2,0,0,32.2,18,11,8,1,11,2,19,1,0,0,130,154,2.74,0.888,5.0,0.3,3.0,5.2,1.73,Left,No
12,1972,,Ron Perranoski,36,2,0,1.0,2.7,9,0,4,0,0,0,16.2,19,8,5,0,8,0,5,0,0,0,74,128,3.24,1.62,10.3,0.0,4.3,2.7,0.63,Left,No
13,1972,,Jose Pena,29,0,0,0.0,8.59,5,0,1,0,0,0,7.1,13,8,7,1,6,1,4,0,0,0,42,41,5.54,2.591,16.0,1.2,7.4,4.9,0.67,Right,No
14,1972,,Charlie Hough,24,0,0,0.0,3.38,2,0,2,0,0,0,2.2,2,1,1,0,2,0,4,1,0,0,13,116,2.77,1.5,6.8,0.0,6.8,13.5,2.0,Right,No
1,1971,SP,Don Sutton,26,17,12,0.586,2.54,38,37,1,12,4,1,265.1,231,85,75,10,55,5,194,5,0,5,1059,127,2.16,1.078,7.8,0.3,1.9,6.6,3.53,Right,No
2,1971,SP,Al Downing,30,20,9,0.69,2.68,37,36,0,12,5,0,262.1,245,93,78,16,84,3,136,3,1,12,1095,121,3.2,1.254,8.4,0.5,2.9,4.7,1.62,Left,No
3,1971,SP,Claude Osteen,31,14,11,0.56,3.51,38,38,0,11,4,0,259.0,262,108,101,25,63,2,109,3,1,4,1071,92,3.63,1.255,9.1,0.9,2.2,3.8,1.73,Left,No
4,1971,SP,Bill Singer,27,10,17,0.37,4.16,31,31,0,8,1,0,203.1,195,103,94,19,71,1,144,4,0,3,863,78,3.36,1.308,8.6,0.8,3.1,6.4,2.03,Right,No
5,1971,SP,Doyle Alexander,20,6,6,0.5,3.8,17,12,0,4,0,0,92.1,105,45,39,6,18,0,30,1,0,1,395,85,3.26,1.332,10.2,0.6,1.8,2.9,1.67,Right,No
6,1971,CL,Jim Brewer,33,6,5,0.545,1.88,55,0,41,0,0,22,81.1,55,17,17,4,24,5,66,0,0,3,317,173,2.35,0.971,6.1,0.4,2.7,7.3,2.75,Left,No
7,1971,RP,Pete Mikkelsen,31,8,5,0.615,3.65,41,0,28,0,0,5,74.0,67,38,30,10,17,5,46,1,0,3,301,89,3.69,1.135,8.1,1.2,2.1,5.6,2.71,Right,No
8,1971,RP,Joe Moeller,28,2,4,0.333,3.8,28,1,9,0,0,1,66.1,72,32,28,5,12,2,32,0,0,1,280,86,3.01,1.266,9.8,0.7,1.6,4.3,2.67,Right,No
9,1971,RP,Jose Pena,28,2,0,1.0,3.56,21,0,14,0,0,1,43.0,32,18,17,7,18,1,44,1,0,1,176,92,3.85,1.163,6.7,1.5,3.8,9.2,2.44,Right,No
10,1971,RP,Bob O'Brien,22,2,2,0.5,3.0,14,4,5,1,1,0,42.0,42,18,14,4,13,1,15,1,2,5,177,109,3.97,1.31,9.0,0.9,2.8,3.2,1.15,Left,No
11,1971,,Sandy Vance,24,2,1,0.667,6.92,10,3,3,0,0,0,26.0,38,21,20,1,9,0,11,0,0,3,121,47,3.14,1.808,13.2,0.3,3.1,3.8,1.22,Right,No
12,1971,,Hoyt Wilhelm,48,0,1,0.0,1.02,9,0,7,0,0,3,17.2,6,2,2,1,4,0,15,0,0,0,59,325,2.17,0.566,3.1,0.5,2.0,7.6,3.75,Right,No
13,1971,,Mike Strahler,24,0,0,0.0,2.84,6,0,3,0,0,0,12.2,10,4,4,1,8,0,7,0,0,1,55,118,4.27,1.421,7.1,0.7,5.7,5.0,0.88,Right,No
14,1971,,Charlie Hough,23,0,0,0.0,4.15,4,0,3,0,0,0,4.1,3,3,2,1,3,0,4,0,0,0,19,86,5.68,1.385,6.2,2.1,6.2,8.3,1.33,Right,No
1,1970,SP,Don Sutton,25,15,13,0.536,4.08,38,38,0,10,4,0,260.1,251,127,118,38,78,7,201,10,2,9,1109,94,4.01,1.264,8.7,1.3,2.7,6.9,2.58,Right,No
2,1970,SP,Claude Osteen,30,16,14,0.533,3.83,37,37,0,11,4,0,258.2,280,121,110,24,52,3,114,4,0,1,1085,100,3.61,1.284,9.7,0.8,1.8,4.0,2.19,Left,No
3,1970,SP,Alan Foster,23,10,13,0.435,4.26,33,33,0,7,1,0,198.2,200,104,94,22,81,2,83,2,0,7,857,90,4.5,1.414,9.1,1.0,3.7,3.8,1.02,Right,No
4,1970,SP,Joe Moeller,27,7,9,0.438,3.92,31,19,7,2,1,4,135.1,131,63,59,16,43,3,63,1,0,2,578,97,4.22,1.286,8.7,1.1,2.9,4.2,1.47,Right,No
5,1970,SP,Sandy Vance,23,7,7,0.5,3.13,20,18,0,2,0,0,115.0,109,47,40,9,37,2,45,1,0,5,484,122,3.86,1.27,8.5,0.7,2.9,3.5,1.22,Right,No
6,1970,SP,Bill Singer,26,8,5,0.615,3.13,16,16,0,5,3,0,106.1,79,39,37,10,32,3,93,2,1,1,428,122,3.07,1.044,6.7,0.8,2.7,7.9,2.91,Right,No
7,1970,CL,Jim Brewer,32,7,6,0.538,3.13,58,0,41,0,0,24,89.0,66,36,31,10,33,9,91,0,0,8,361,122,3.17,1.112,6.7,1.0,3.3,9.2,2.76,Left,No
8,1970,RP,Pete Mikkelsen,30,4,2,0.667,2.76,33,0,22,0,0,6,62.0,48,20,19,5,20,4,47,4,0,1,255,139,3.33,1.097,7.0,0.7,2.9,6.8,2.35,Right,No
9,1970,RP,Fred Norman,27,2,0,1.0,5.23,30,0,11,0,0,1,62.0,65,40,36,8,33,1,47,2,1,10,282,73,4.49,1.581,9.4,1.2,4.8,6.8,1.42,Left,No
10,1970,RP,Ray Lamb,25,6,1,0.857,3.79,35,0,15,0,0,0,57.0,59,27,24,4,27,9,32,4,1,4,250,101,4.06,1.509,9.3,0.6,4.3,5.1,1.19,Right,No
11,1970,RP,Jose Pena,27,4,3,0.571,4.42,29,0,15,0,0,4,57.0,51,32,28,8,29,5,31,3,1,1,251,87,5.06,1.404,8.1,1.3,4.6,4.9,1.07,Right,No
12,1970,,Mike Strahler,23,1,1,0.5,1.45,6,0,3,0,0,1,18.2,13,6,3,1,10,0,11,0,0,0,77,269,3.76,1.232,6.3,0.5,4.8,5.3,1.1,Right,No
13,1970,,Charlie Hough,22,0,0,0.0,5.29,8,0,5,0,0,2,17.0,18,11,10,7,11,0,8,0,0,0,79,74,8.99,1.706,9.5,3.7,5.8,4.2,0.73,Right,No
14,1970,,Camilo Pascual,36,0,0,0.0,2.57,10,0,3,0,0,0,14.0,12,4,4,2,5,1,8,1,0,0,59,152,4.64,1.214,7.7,1.3,3.2,5.1,1.6,Right,No
15,1970,,Jerry Stephenson,26,0,0,0.0,9.45,3,0,1,0,0,0,6.2,11,7,7,0,5,0,6,0,0,0,34,43,3.09,2.4,14.9,0.0,6.8,8.1,1.2,Right,No
16,1970,,Al McBean,32,0,0,0.0,0.0,1,0,1,0,0,0,1.0,1,0,0,0,0,0,0,0,0,0,3,0,2.64,1.0,9.0,0.0,0.0,0.0,0.0,Right,No
1,1969,SP,Claude Osteen,29,20,15,0.571,2.66,41,41,0,16,7,0,321.0,293,103,95,17,74,8,183,6,0,8,1291,124,2.8,1.143,8.2,0.5,2.1,5.1,2.47,Left,No
2,1969,SP,Bill Singer,25,20,12,0.625,2.34,41,40,1,16,2,1,315.2,244,96,82,22,74,4,247,10,0,9,1263,142,2.65,1.007,7.0,0.6,2.1,7.0,3.34,Right,No
3,1969,SP,Don Sutton,24,17,18,0.486,3.47,41,41,0,11,4,0,293.1,269,123,113,25,91,6,217,3,1,9,1226,96,3.1,1.227,8.3,0.8,2.8,6.7,2.38,Right,No
4,1969,SP,Alan Foster,22,3,9,0.25,4.38,24,15,4,2,2,0,102.2,119,55,50,11,29,4,59,4,0,6,451,76,3.72,1.442,10.4,1.0,2.5,5.2,2.03,Right,No
5,1969,SP,Don Drysdale,32,5,4,0.556,4.45,12,12,0,1,1,0,62.2,71,34,31,9,13,0,24,2,0,1,267,75,4.33,1.34,10.2,1.3,1.9,3.4,1.85,Right,No
6,1969,CL,Jim Brewer,31,7,6,0.538,2.55,59,0,43,0,0,20,88.1,71,30,25,5,41,6,92,4,2,3,372,131,2.69,1.268,7.2,0.5,4.2,9.4,2.24,Left,No
7,1969,RP,Pete Mikkelsen,29,7,5,0.583,2.77,48,0,26,0,0,4,81.1,57,34,25,9,30,8,51,4,0,2,336,120,3.95,1.07,6.3,1.0,3.3,5.6,1.7,Right,No
8,1969,RP,Joe Moeller,26,1,0,1.0,3.33,23,4,11,0,0,1,51.1,54,23,19,4,13,0,25,0,0,5,213,100,3.31,1.305,9.5,0.7,2.3,4.4,1.92,Right,No
9,1969,RP,Al McBean,31,2,6,0.25,3.91,31,0,18,0,0,4,48.1,46,22,21,6,21,4,26,2,0,4,208,85,4.47,1.386,8.6,1.1,3.9,4.8,1.24,Right,No
10,1969,RP,Ray Lamb,24,0,1,0.0,1.8,10,0,5,0,0,1,15.0,12,3,3,2,7,0,11,0,0,0,60,190,4.18,1.267,7.2,1.2,4.2,6.6,1.57,Right,No
11,1969,,Jim Bunning,37,3,1,0.75,3.36,9,9,0,1,0,0,56.1,65,23,21,5,10,0,33,1,0,0,238,99,3.08,1.331,10.4,0.8,1.6,5.3,3.3,Right,No
12,1969,,John Purdin,26,0,0,0.0,6.06,9,0,5,0,0,0,16.1,19,11,11,7,12,1,6,0,1,2,79,56,9.55,1.898,10.5,3.9,6.6,3.3,0.5,Right,No
13,1969,,Bobby Darwin,26,0,0,0.0,9.82,3,0,1,0,0,0,3.2,4,4,4,0,5,0,0,2,0,2,21,38,8.24,2.455,9.8,0.0,12.3,0.0,0.0,Right,No
14,1969,,Jack Jenkins,26,0,0,0.0,0.0,1,0,1,0,0,0,1.0,0,0,0,0,0,0,1,0,0,0,3,0,0.51,0.0,0.0,0.0,0.0,9.0,0.0,Right,No
1,1968,SP,Bill Singer,24,13,17,0.433,2.88,37,36,0,12,6,0,256.1,227,97,82,14,78,10,227,5,1,12,1061,96,2.3,1.19,8.0,0.5,2.7,8.0,2.91,Right,No
2,1968,SP,Claude Osteen,28,12,18,0.4,3.08,39,36,1,5,3,0,254.0,267,109,87,14,54,10,119,5,0,4,1053,89,2.86,1.264,9.5,0.5,1.9,4.2,2.2,Left,No
3,1968,SP,Don Drysdale,31,14,12,0.538,2.15,31,31,0,12,8,0,239.0,201,68,57,11,56,10,155,12,0,4,954,128,2.54,1.075,7.6,0.4,2.1,5.8,2.77,Right,No
4,1968,SP,Don Sutton,23,11,15,0.423,2.6,35,27,6,7,2,1,207.2,179,64,60,6,59,14,162,2,3,4,847,106,2.08,1.146,7.8,0.3,2.6,7.0,2.75,Right,No
5,1968,SP,Mike Kekich,23,2,10,0.167,3.91,25,20,1,1,1,0,115.0,116,54,50,9,46,0,84,1,3,0,493,71,3.17,1.409,9.1,0.7,3.6,6.6,1.83,Left,No
6,1968,CL,Jim Brewer,30,8,3,0.727,2.49,54,0,39,0,0,15,76.0,59,22,21,5,33,13,75,0,0,2,311,111,2.57,1.211,7.0,0.6,3.9,8.9,2.27,Left,No
7,1968,RP,Mudcat Grant,32,6,4,0.6,2.08,37,4,19,1,0,3,95.0,77,29,22,1,19,3,35,6,0,3,378,133,2.57,1.011,7.3,0.1,1.8,3.3,1.84,Right,No
8,1968,RP,Jack Billingham,25,3,0,1.0,2.14,50,1,26,0,0,8,71.1,54,18,17,0,30,9,46,2,0,6,293,129,2.44,1.178,6.8,0.0,3.8,5.8,1.53,Right,No
9,1968,RP,John Purdin,25,2,3,0.4,3.07,35,1,13,0,0,2,55.2,42,22,19,2,21,7,38,0,0,3,231,90,2.62,1.132,6.8,0.3,3.4,6.1,1.81,Right,No
10,1968,RP,Hank Aguirre,37,1,2,0.333,0.69,25,0,16,0,0,3,39.0,32,8,3,0,13,3,25,3,0,4,167,402,2.33,1.154,7.4,0.0,3.0,5.8,1.92,Left,No
11,1968,,Joe Moeller,25,1,1,0.5,5.06,3,3,0,0,0,0,16.0,17,10,9,1,2,0,11,1,0,1,67,56,2.39,1.188,9.6,0.6,1.1,6.2,5.5,Right,No
12,1968,,Alan Foster,21,1,1,0.5,1.72,3,3,0,0,0,0,15.2,11,4,3,1,2,0,10,0,0,0,57,165,2.32,0.83,6.3,0.6,1.1,5.7,5.0,Right,No
13,1968,,Phil Regan,31,2,0,1.0,3.52,5,0,2,0,0,0,7.2,10,3,3,1,1,0,7,0,0,0,34,84,2.65,1.435,11.7,1.2,1.2,8.2,7.0,Right,No
14,1968,,Vicente Romo,25,0,0,0.0,0.0,1,0,1,0,0,0,1.0,1,1,0,0,0,0,0,0,0,0,5,0,2.39,1.0,9.0,0.0,0.0,0.0,0.0,Right,No
1,1967,SP,Claude Osteen,27,17,17,0.5,3.22,39,39,0,14,5,0,288.1,298,116,103,19,52,10,152,2,0,4,1187,96,2.9,1.214,9.3,0.6,1.6,4.7,2.92,Left,No
2,1967,SP,Don Drysdale,30,13,16,0.448,2.74,38,38,0,9,3,0,282.0,269,101,86,19,60,19,196,8,2,5,1151,112,2.75,1.167,8.6,0.6,1.9,6.3,3.27,Right,No
3,1967,SP,Don Sutton,22,11,15,0.423,3.95,37,34,2,11,3,1,232.2,223,106,102,18,57,9,169,6,0,3,962,78,2.9,1.203,8.6,0.7,2.2,6.5,2.96,Right,No
4,1967,SP,Bill Singer,23,12,8,0.6,2.64,32,29,1,7,3,0,204.1,185,68,60,5,61,11,169,8,3,10,854,117,2.22,1.204,8.1,0.2,2.7,7.4,2.77,Right,No
5,1967,CL,Ron Perranoski,31,6,7,0.462,2.45,70,0,47,0,0,16,110.0,97,36,30,4,45,13,75,3,0,3,464,126,2.96,1.291,7.9,0.3,3.7,6.1,1.67,Left,No
6,1967,RP,Jim Brewer,29,5,4,0.556,2.68,30,11,6,0,0,1,100.2,78,32,30,8,31,7,74,1,0,3,397,115,3.06,1.083,7.0,0.7,2.8,6.6,2.39,Left,No
7,1967,RP,Phil Regan,30,6,9,0.4,2.99,55,3,28,0,0,6,96.1,108,38,32,2,32,17,53,2,1,5,430,103,2.77,1.453,10.1,0.2,3.0,5.0,1.66,Right,No
8,1967,RP,Bob Miller,28,2,9,0.182,4.31,52,4,22,0,0,0,85.2,88,46,41,9,27,9,32,3,1,3,363,72,4.21,1.342,9.2,0.9,2.8,3.4,1.19,Right,No
9,1967,RP,Dick Egan,30,1,1,0.5,6.25,20,0,7,0,0,0,31.2,34,25,22,3,15,4,20,4,0,2,148,50,4.31,1.547,9.7,0.9,4.3,5.7,1.33,Left,No
10,1967,,Alan Foster,20,0,1,0.0,2.16,4,2,0,0,0,0,16.2,10,4,4,0,3,0,15,0,0,0,62,146,1.28,0.78,5.4,0.0,1.6,8.1,5.0,Right,No
11,1967,,John Duffie,21,0,2,0.0,2.79,2,2,0,0,0,0,9.2,11,6,3,1,4,1,6,0,0,0,44,116,3.88,1.552,10.2,0.9,3.7,5.6,1.5,Right,No
12,1967,,Bob Lee,29,0,0,0.0,5.4,4,0,4,0,0,0,6.2,6,8,4,2,3,0,2,1,0,0,32,61,7.64,1.35,8.1,2.7,4.1,2.7,0.67,Right,No
13,1967,,Joe Moeller,24,0,0,0.0,9.0,6,0,2,0,0,0,5.0,9,5,5,1,3,1,2,0,1,1,27,38,6.14,2.4,16.2,1.8,5.4,3.6,0.67,Right,No
14,1967,,Jim Hickman,30,0,0,0.0,4.5,1,0,1,0,0,0,2.0,2,1,1,1,0,0,0,0,0,0,7,85,9.04,1.0,9.0,4.5,0.0,0.0,0.0,Right,No
15,1967,,Bruce Brubaker,25,0,0,0.0,20.25,1,0,1,0,0,0,1.1,3,3,3,1,0,0,2,0,0,0,7,21,9.29,2.25,20.3,6.8,0.0,13.5,0.0,Right,No
1,1966,SP,Sandy Koufax,30,27,9,0.75,1.73,41,41,0,27,5,0,323.0,241,74,62,19,77,4,317,0,0,7,1274,190,2.07,0.985,6.7,0.5,2.1,8.8,4.12,Left,No
2,1966,SP,Don Drysdale,29,13,16,0.448,3.42,40,40,0,11,3,0,273.2,279,114,104,21,45,8,177,17,1,7,1135,96,2.94,1.184,9.2,0.7,1.5,5.8,3.93,Right,No
3,1966,SP,Claude Osteen,26,17,14,0.548,2.85,39,38,1,8,3,0,240.1,238,92,76,6,65,13,137,2,0,5,1005,116,2.57,1.261,8.9,0.2,2.4,5.1,2.11,Left,No
4,1966,SP,Don Sutton,21,12,12,0.5,2.99,37,35,0,6,2,0,225.2,192,82,75,19,52,6,209,3,0,5,916,110,2.53,1.081,7.7,0.8,2.1,8.3,4.02,Right,No
5,1966,CL,Phil Regan,29,14,1,0.933,1.62,65,0,48,0,0,21,116.2,85,24,21,6,24,9,88,0,0,4,445,203,2.33,0.934,6.6,0.5,1.9,6.8,3.67,Right,No
6,1966,RP,Bob Miller,27,4,2,0.667,2.77,46,0,12,0,0,5,84.1,70,31,26,5,29,7,58,1,0,4,344,119,3.02,1.174,7.5,0.5,3.1,6.2,2.0,Right,No
7,1966,RP,Ron Perranoski,30,6,7,0.462,3.18,55,0,33,0,0,6,82.0,82,32,29,4,31,11,50,1,0,2,354,104,3.14,1.378,9.0,0.4,3.4,5.5,1.61,Left,No
8,1966,RP,Joe Moeller,23,2,4,0.333,2.52,29,8,7,0,0,0,78.2,73,31,22,4,14,8,31,3,0,4,326,131,3.08,1.106,8.4,0.5,1.6,3.5,2.21,Right,No
9,1966,RP,Jim Brewer,28,0,2,0.0,3.68,13,0,4,0,0,2,22.0,17,9,9,0,11,0,8,0,0,3,93,91,3.33,1.273,7.0,0.0,4.5,3.3,0.73,Left,No
10,1966,,Nick Willhite,25,0,0,0.0,2.08,6,0,3,0,0,0,4.1,3,1,1,0,5,0,4,0,1,1,19,175,4.17,1.846,6.2,0.0,10.4,8.3,0.8,Left,No
11,1966,,Bill Singer,22,0,0,0.0,0.0,3,0,2,0,0,0,4.0,4,0,0,0,2,0,4,0,1,0,16,0,2.05,1.5,9.0,0.0,4.5,9.0,2.0,Right,No
12,1966,,Howie Reed,29,0,0,0.0,0.0,1,0,0,0,0,0,1.2,1,0,0,0,0,0,0,0,0,0,6,0,2.55,0.6,5.4,0.0,0.0,0.0,0.0,Right,No
13,1966,,Johnny Podres,33,0,0,0.0,0.0,1,0,0,0,0,0,1.2,2,0,0,0,1,1,1,0,0,0,8,0,3.15,1.8,10.8,0.0,5.4,5.4,1.0,Left,No
1,1965,SP,Sandy Koufax,29,26,8,0.765,2.04,43,41,2,27,8,2,335.2,216,90,76,26,71,4,382,5,0,11,1297,160,1.93,0.855,5.8,0.7,1.9,10.2,5.38,Left,No
2,1965,SP,Don Drysdale,28,23,12,0.657,2.77,44,42,1,20,7,1,308.1,270,113,95,30,66,11,210,12,0,11,1262,118,3.18,1.09,7.9,0.9,1.9,6.1,3.18,Right,No
3,1965,SP,Claude Osteen,25,15,15,0.5,2.79,40,40,0,9,1,0,287.0,253,95,89,19,78,10,162,3,1,4,1169,117,3.1,1.153,7.9,0.6,2.4,5.1,2.08,Left,No
4,1965,SP,Johnny Podres,32,7,6,0.538,3.43,27,22,4,2,1,1,134.0,126,57,51,17,39,4,63,2,0,6,560,95,4.14,1.231,8.5,1.1,2.6,4.2,1.62,Left,No
5,1965,CL,Ron Perranoski,29,6,6,0.5,2.24,59,0,36,0,0,18,104.2,85,28,26,2,40,7,53,3,0,3,431,146,2.99,1.194,7.3,0.2,3.4,4.6,1.33,Left,No
6,1965,RP,Bob Miller,26,6,7,0.462,2.97,61,1,37,0,0,9,103.0,82,37,34,9,26,3,77,3,0,4,414,110,3.0,1.049,7.2,0.8,2.3,6.7,2.96,Right,No
7,1965,RP,Howie Reed,28,7,5,0.583,3.12,38,5,13,0,0,1,78.0,73,31,27,6,27,6,47,3,0,6,334,105,3.47,1.282,8.4,0.7,3.1,5.4,1.74,Right,No
8,1965,RP,Jim Brewer,27,3,2,0.6,1.82,19,2,5,0,0,2,49.1,33,13,10,1,28,4,31,0,0,2,198,180,3.23,1.236,6.0,0.2,5.1,5.7,1.11,Left,No
9,1965,RP,Nick Willhite,24,2,2,0.5,5.36,15,6,4,0,0,1,42.0,47,26,25,7,22,1,28,2,0,1,189,61,5.06,1.643,10.1,1.5,4.7,6.0,1.27,Left,No
10,1965,,John Purdin,22,2,1,0.667,6.75,11,2,1,0,0,0,22.2,26,19,17,8,13,3,16,0,0,2,106,49,7.41,1.721,10.3,3.2,5.2,6.4,1.23,Right,No
11,1965,,Mike Kekich,20,0,1,0.0,9.58,5,1,1,0,0,0,10.1,10,12,11,2,13,0,9,0,0,1,51,36,7.07,2.226,8.7,1.7,11.3,7.8,0.69,Left,No
12,1965,,Bill Singer,21,0,0,0.0,0.0,2,0,0,0,0,0,1.0,2,0,0,0,2,0,1,0,0,0,7,0,6.52,4.0,18.0,0.0,18.0,9.0,0.5,Right,No
1,1964,SP,Don Drysdale,27,18,16,0.529,2.18,40,40,0,21,5,0,321.1,242,91,78,15,68,9,237,10,1,11,1264,147,2.46,0.965,6.8,0.4,1.9,6.6,3.49,Right,No
2,1964,SP,Sandy Koufax,28,19,5,0.792,1.74,29,28,1,15,7,1,223.0,154,49,43,13,53,5,223,0,0,9,870,186,2.08,0.928,6.2,0.5,2.1,9.0,4.21,Left,No
3,1964,SP,Phil Ortega,24,7,9,0.438,4.0,34,25,3,4,3,1,157.1,149,74,70,22,56,2,107,6,1,1,675,81,4.24,1.303,8.5,1.3,3.2,6.1,1.91,Right,No
4,1964,SP,Joe Moeller,21,7,13,0.35,4.21,27,24,0,1,0,0,145.1,153,89,68,14,31,4,97,4,0,5,624,77,3.24,1.266,9.5,0.9,1.9,6.0,3.13,Right,No
5,1964,SP,Larry Miller,27,4,8,0.333,4.18,16,14,2,1,0,0,79.2,87,44,37,1,28,4,50,2,1,5,356,77,2.64,1.444,9.8,0.1,3.2,5.6,1.79,Left,No
6,1964,CL,Ron Perranoski,28,5,7,0.417,3.09,72,0,52,0,0,14,125.1,128,62,43,5,46,19,79,1,1,3,547,105,2.99,1.388,9.2,0.4,3.3,5.7,1.72,Left,No
7,1964,RP,Bob Miller,25,7,7,0.5,2.62,74,2,39,0,0,9,137.2,115,49,40,1,63,16,94,2,0,7,582,123,2.75,1.293,7.5,0.1,4.1,6.1,1.49,Right,No
8,1964,RP,Jim Brewer,26,4,3,0.571,3.0,34,5,11,1,1,1,93.0,79,33,31,5,25,5,63,0,0,3,374,108,2.76,1.118,7.6,0.5,2.4,6.1,2.52,Left,No
9,1964,RP,Howie Reed,27,3,4,0.429,3.2,26,7,8,0,0,1,90.0,79,34,32,4,36,9,52,0,0,1,377,101,3.23,1.278,7.9,0.4,3.6,5.2,1.44,Right,No
10,1964,,Nick Willhite,23,2,4,0.333,3.71,10,7,1,2,0,0,43.2,43,19,18,4,13,2,24,0,0,3,181,88,3.59,1.282,8.9,0.8,2.7,4.9,1.85,Left,No
11,1964,,Pete Richert,24,2,3,0.4,4.15,8,6,0,1,1,0,34.2,38,17,16,2,18,2,25,2,0,1,162,79,3.64,1.615,9.9,0.5,4.7,6.5,1.39,Left,No
12,1964,,John Purdin,21,2,0,1.0,0.56,3,2,0,1,1,0,16.0,6,1,1,1,6,0,8,0,0,0,58,589,3.54,0.75,3.4,0.6,3.4,4.5,1.33,Right,No
13,1964,,Bill Singer,20,0,1,0.0,3.21,2,2,0,0,0,0,14.0,11,5,5,0,12,1,3,0,0,1,64,103,4.75,1.643,7.1,0.0,7.7,1.9,0.25,Right,No
14,1964,,Johnny Podres,31,0,2,0.0,16.88,2,2,0,0,0,0,2.2,5,5,5,1,3,1,0,0,0,1,16,22,10.86,3.0,16.9,3.4,10.1,0.0,0.0,Left,No
1,1963,SP,Don Drysdale,26,19,17,0.528,2.63,42,42,0,17,3,0,315.1,287,114,92,25,57,13,251,10,0,4,1266,114,2.56,1.091,8.2,0.7,1.6,7.2,4.4,Right,No
2,1963,SP,Sandy Koufax,27,25,5,0.833,1.88,40,40,0,20,11,0,311.0,214,68,65,18,58,7,306,3,1,6,1210,159,1.85,0.875,6.2,0.5,1.7,8.9,5.28,Left,No
3,1963,SP,Johnny Podres,30,14,12,0.538,3.54,37,34,3,10,5,1,198.1,196,91,78,16,64,13,134,3,4,5,845,85,3.19,1.311,8.9,0.7,2.9,6.1,2.09,Left,No
4,1963,SP,Bob Miller,24,10,8,0.556,2.89,42,23,10,2,0,1,187.0,171,71,60,7,65,9,125,3,0,12,781,104,2.72,1.262,8.2,0.3,3.1,6.0,1.92,Right,No
5,1963,SP,Pete Richert,23,5,3,0.625,4.5,20,12,1,1,0,0,78.0,80,40,39,7,28,3,54,1,1,3,336,67,3.38,1.385,9.2,0.8,3.2,6.2,1.93,Left,No
6,1963,CL,Ron Perranoski,27,16,3,0.842,1.67,69,0,47,0,0,21,129.0,112,30,24,7,43,14,75,4,0,4,541,179,3.11,1.202,7.8,0.5,3.0,5.2,1.74,Left,No
7,1963,RP,Larry Sherry,27,2,6,0.25,3.73,36,3,18,0,0,3,79.2,82,43,33,8,24,4,47,4,0,3,349,81,3.66,1.331,9.3,0.9,2.7,5.3,1.96,Right,No
8,1963,RP,Dick Calmus,19,3,1,0.75,2.66,21,1,9,0,0,0,44.0,32,14,13,3,16,1,25,0,0,1,173,114,3.32,1.091,6.5,0.6,3.3,5.1,1.56,Right,No
9,1963,RP,Ed Roebuck,31,2,4,0.333,4.24,29,0,14,0,0,0,40.1,54,25,19,4,21,5,26,2,2,1,197,71,4.19,1.86,12.0,0.9,4.7,5.8,1.24,Right,No
10,1963,RP,Ken Rowe,29,1,1,0.5,2.93,14,0,4,0,0,1,27.2,28,16,9,2,11,3,12,1,0,2,122,104,3.85,1.41,9.1,0.7,3.6,3.9,1.09,Right,No
11,1963,,Nick Willhite,22,2,3,0.4,3.79,8,8,0,1,1,0,38.0,44,19,16,5,10,2,28,0,4,1,165,80,3.51,1.421,10.4,1.2,2.4,6.6,2.8,Left,No
12,1963,,Dick Scott,30,0,0,0.0,6.75,9,0,5,0,0,2,12.0,17,10,9,6,3,0,6,0,0,0,54,46,8.73,1.667,12.8,4.5,2.3,4.5,2.0,Left,No
13,1963,,Jack Smith,27,0,0,0.0,7.56,4,0,1,0,0,0,8.1,10,7,7,2,2,0,5,2,0,3,39,42,5.84,1.44,10.8,2.2,2.2,5.4,2.5,Right,No
14,1963,,Phil Ortega,23,0,0,0.0,18.0,1,0,0,0,0,0,1.0,2,2,2,1,0,0,1,0,0,0,5,25,13.48,2.0,18.0,9.0,0.0,9.0,0.0,Right,No
1,1962,SP,Don Drysdale,25,25,9,0.735,2.83,43,41,2,19,2,1,314.1,272,122,99,21,78,12,232,11,0,8,1289,128,2.86,1.113,7.8,0.6,2.2,6.6,2.97,Right,No
2,1962,SP,Johnny Podres,29,15,13,0.536,3.81,40,40,0,8,0,0,255.0,270,121,108,20,71,14,178,3,0,4,1083,95,3.11,1.337,9.5,0.7,2.5,6.3,2.51,Left,No
3,1962,SP,Stan Williams,25,14,12,0.538,4.46,40,28,5,4,1,0,185.2,184,104,92,16,98,11,108,0,3,7,838,81,4.16,1.519,8.9,0.8,4.8,5.2,1.1,Right,No
4,1962,SP,Sandy Koufax,26,14,7,0.667,2.54,28,26,2,11,2,1,184.1,134,61,52,13,57,4,216,2,0,3,744,143,2.15,1.036,6.5,0.6,2.8,10.5,3.79,Left,No
5,1962,SP,Joe Moeller,19,6,5,0.545,5.25,19,15,2,1,0,1,85.2,87,55,50,10,58,1,46,0,0,9,389,69,5.09,1.693,9.1,1.1,6.1,4.8,0.79,Right,No
6,1962,SP,Pete Richert,22,5,4,0.556,3.87,19,12,2,1,0,0,81.1,77,35,35,6,45,1,75,1,0,4,358,94,3.43,1.5,8.5,0.7,5.0,8.3,1.67,Left,No
7,1962,CL,Ron Perranoski,26,6,6,0.5,2.85,70,0,39,0,0,19,107.1,103,40,34,1,36,9,68,0,0,1,450,128,2.48,1.295,8.6,0.1,3.0,5.7,1.89,Left,No
8,1962,RP,Ed Roebuck,30,10,2,0.833,3.09,64,0,22,0,0,9,119.1,102,60,41,11,54,6,72,6,0,8,512,118,4.12,1.307,7.7,0.8,4.1,5.4,1.33,Right,No
9,1962,RP,Larry Sherry,26,7,3,0.7,3.2,58,0,36,0,0,11,90.0,81,40,32,8,44,5,71,6,1,6,395,114,3.86,1.389,8.1,0.8,4.4,7.1,1.61,Right,No
10,1962,RP,Phil Ortega,22,0,2,0.0,6.88,24,3,9,0,0,1,53.2,60,43,41,8,39,2,30,3,0,4,262,53,5.78,1.845,10.1,1.3,6.5,5.0,0.77,Right,No
11,1962,RP,Jack Smith,26,0,0,0.0,4.5,8,0,2,0,0,1,10.0,10,6,5,0,4,1,7,0,0,0,43,84,2.42,1.4,9.0,0.0,3.6,6.3,1.75,Right,No
12,1962,,Willard Hunter,27,0,0,0.0,40.5,1,0,0,0,0,0,2.0,6,10,9,1,4,0,1,0,0,0,17,11,14.12,5.0,27.0,4.5,18.0,4.5,0.25,Left,No
1,1961,SP,Sandy Koufax,25,18,13,0.581,3.52,42,35,2,15,2,1,255.2,212,117,100,27,96,6,269,3,2,12,1068,122,3.0,1.205,7.5,1.0,3.4,9.5,2.8,Left,No
2,1961,SP,Don Drysdale,24,13,10,0.565,3.69,40,37,2,10,3,0,244.0,236,111,100,29,83,15,182,20,1,7,1047,116,3.89,1.307,8.7,1.1,3.1,6.7,2.19,Right,No
3,1961,SP,Stan Williams,24,15,12,0.556,3.9,41,35,3,6,2,0,235.1,213,114,102,21,108,9,205,6,2,9,1008,110,3.45,1.364,8.1,0.8,4.1,7.8,1.9,Right,No
4,1961,SP,Johnny Podres,28,18,5,0.783,3.74,32,29,2,6,1,0,182.2,192,81,76,27,51,2,124,4,0,8,772,114,4.04,1.33,9.5,1.3,2.5,6.1,2.43,Left,No
5,1961,CL,Larry Sherry,25,4,4,0.5,3.9,53,1,34,0,0,15,94.2,90,48,41,10,39,9,79,4,0,6,404,110,3.64,1.363,8.6,1.0,3.7,7.5,2.03,Right,No
6,1961,RP,Roger Craig,31,5,6,0.455,6.15,40,14,7,2,0,2,112.2,130,87,77,22,52,7,63,4,1,7,513,70,5.49,1.615,10.4,1.8,4.2,5.0,1.21,Right,No
7,1961,RP,Ron Perranoski,25,7,5,0.583,2.65,53,1,15,0,0,6,91.2,82,31,27,5,41,7,56,4,1,4,393,162,3.53,1.342,8.1,0.5,4.0,5.5,1.37,Left,No
8,1961,RP,Turk Farrell,27,6,6,0.5,5.06,50,0,28,0,0,10,89.0,107,56,50,12,43,14,80,1,0,10,414,85,4.01,1.685,10.8,1.2,4.3,8.1,1.86,Right,No
9,1961,RP,Jim Golden,25,1,1,0.5,5.79,28,0,13,0,0,0,42.0,52,30,27,7,20,2,18,0,0,1,199,74,5.31,1.714,11.1,1.5,4.3,3.9,0.9,Right,No
10,1961,,Phil Ortega,21,0,2,0.0,5.54,4,2,2,1,0,0,13.0,10,9,8,6,2,0,15,0,0,0,50,79,6.73,0.923,6.9,4.2,1.4,10.4,7.5,Right,No
11,1961,,Ed Roebuck,29,2,0,1.0,5.0,5,0,3,0,0,0,9.0,12,5,5,1,2,0,9,0,0,0,39,89,2.69,1.556,12.0,1.0,2.0,9.0,4.5,Right,No
12,1961,,Ed Palmquist,28,0,1,0.0,6.23,5,0,3,0,0,1,8.2,10,8,6,0,7,0,5,2,0,2,43,71,4.54,1.962,10.4,0.0,7.3,5.2,0.71,Right,No
1,1960,SP,Don Drysdale,23,15,14,0.517,2.84,41,36,5,15,5,2,269.0,214,93,85,27,72,5,246,10,0,6,1083,139,2.92,1.063,7.2,0.9,2.4,8.2,3.42,Right,No
2,1960,SP,Johnny Podres,27,14,12,0.538,3.08,34,33,1,8,1,0,227.2,217,88,78,25,71,9,159,1,1,7,951,128,3.51,1.265,8.6,1.0,2.8,6.3,2.24,Left,No
3,1960,SP,Stan Williams,23,14,10,0.583,3.0,38,30,6,9,2,1,207.1,162,84,69,26,72,1,175,5,2,7,858,132,3.58,1.129,7.0,1.1,3.1,7.6,2.43,Right,No
4,1960,SP,Sandy Koufax,24,8,13,0.381,3.91,37,26,7,7,2,1,175.0,133,83,76,20,100,6,197,1,0,9,753,101,3.49,1.331,6.8,1.0,5.1,10.1,1.97,Left,No
5,1960,SP,Roger Craig,30,8,3,0.727,3.27,21,15,3,6,1,0,115.2,99,48,42,8,43,4,69,3,1,0,478,121,3.43,1.228,7.7,0.6,3.3,5.4,1.6,Right,No
6,1960,CL,Ed Roebuck,28,8,3,0.727,2.78,58,0,29,0,0,8,116.2,109,42,36,13,38,11,77,0,0,4,473,143,3.63,1.26,8.4,1.0,2.9,5.9,2.03,Right,No
7,1960,RP,Larry Sherry,24,14,10,0.583,3.79,57,3,38,1,0,7,142.1,125,65,60,14,82,15,114,6,0,6,622,104,4.06,1.454,7.9,0.9,5.2,7.2,1.39,Right,No
8,1960,RP,Danny McDevitt,27,0,4,0.0,4.25,24,7,7,0,0,0,53.0,51,26,25,7,42,3,30,6,0,4,248,94,5.83,1.755,8.7,1.2,7.1,5.1,0.71,Left,No
9,1960,RP,Ed Palmquist,27,0,1,0.0,2.54,22,0,4,0,0,0,39.0,34,16,11,6,16,5,23,1,0,1,162,157,4.66,1.282,7.8,1.4,3.7,5.3,1.44,Right,No
10,1960,RP,Clem Labine,33,0,1,0.0,5.82,13,0,6,0,0,1,17.0,26,12,11,1,8,3,15,0,0,0,81,69,2.94,2.0,13.8,0.5,4.2,7.9,1.88,Right,No
11,1960,,Ed Rakow,25,0,1,0.0,7.36,9,2,2,0,0,0,22.0,30,19,18,5,11,3,9,0,1,1,106,55,6.16,1.864,12.3,2.0,4.5,3.7,0.82,Right,No
12,1960,,Jim Golden,24,1,0,1.0,6.43,1,1,0,0,0,0,7.0,6,5,5,1,4,0,4,0,0,0,30,65,4.96,1.429,7.7,1.3,5.1,5.1,1.0,Right,No
13,1960,,Phil Ortega,20,0,0,0.0,17.05,3,1,0,0,0,0,6.1,12,12,12,1,5,0,4,0,0,0,37,25,5.68,2.684,17.1,1.4,7.1,5.7,0.8,Right,No
1,1959,SP,Don Drysdale,22,17,13,0.567,3.46,44,36,7,15,4,2,270.2,237,113,104,26,93,9,242,18,2,4,1142,122,3.23,1.219,7.9,0.9,3.1,8.0,2.6,Right,No
2,1959,SP,Johnny Podres,26,14,9,0.609,4.11,34,29,1,6,2,0,195.0,192,93,89,23,74,7,145,3,0,8,823,103,3.77,1.364,8.9,1.1,3.4,6.7,1.96,Left,No
3,1959,SP,Sandy Koufax,23,8,6,0.571,4.05,35,23,6,6,1,2,153.1,136,74,69,23,92,4,173,0,1,5,679,105,4.04,1.487,8.0,1.4,5.4,10.2,1.88,Left,No
4,1959,SP,Roger Craig,29,11,5,0.688,2.06,29,17,3,7,4,0,152.2,122,49,35,13,45,3,76,1,0,2,612,205,3.56,1.094,7.2,0.8,2.7,4.5,1.69,Right,No
5,1959,SP,Danny McDevitt,26,10,8,0.556,3.97,39,22,8,6,2,4,145.0,149,83,64,16,51,5,106,14,0,3,645,107,3.86,1.379,9.2,1.0,3.2,6.6,2.08,Left,No
6,1959,CL,Clem Labine,32,5,10,0.333,3.93,56,0,33,0,0,8,84.2,91,39,37,11,25,10,37,1,0,0,358,108,4.28,1.37,9.7,1.2,2.7,3.9,1.48,Right,No
7,1959,RP,Stan Williams,22,5,5,0.5,3.97,35,15,8,2,0,0,124.2,102,64,55,12,86,7,89,9,0,7,558,107,4.65,1.508,7.4,0.9,6.2,6.4,1.03,Right,No
8,1959,RP,Larry Sherry,23,7,2,0.778,2.19,23,9,10,1,1,3,94.1,75,27,23,9,43,5,72,2,0,1,392,193,3.69,1.251,7.2,0.9,4.1,6.9,1.67,Right,No
9,1959,RP,Art Fowler,36,3,4,0.429,5.31,36,0,17,0,0,2,61.0,70,39,36,8,23,7,47,0,1,0,271,80,3.84,1.525,10.3,1.2,3.4,6.9,2.04,Right,No
10,1959,RP,Johnny Klippstein,31,4,0,1.0,5.91,28,0,10,0,0,2,45.2,48,31,30,8,33,5,30,2,0,2,214,72,5.81,1.774,9.5,1.6,6.5,5.9,0.91,Right,No
11,1959,,Chuck Churn,29,3,2,0.6,4.99,14,0,6,0,0,1,30.2,28,17,17,2,10,4,24,1,0,0,125,86,2.9,1.239,8.2,0.6,2.9,7.0,2.4,Right,No
12,1959,,Gene Snyder,28,1,1,0.5,5.47,11,2,2,0,0,0,26.1,32,19,16,1,20,2,20,0,0,7,128,78,3.8,1.975,10.9,0.3,6.8,6.8,1.0,Left,No
13,1959,,Carl Erskine,32,0,3,0.0,7.71,10,3,2,0,0,1,23.1,33,22,20,5,13,1,15,0,0,1,117,56,5.71,1.971,12.7,1.9,5.0,5.8,1.15,Right,No
14,1959,,Fred Kipp,27,0,0,0.0,0.0,2,0,0,0,0,0,2.2,2,0,0,0,3,1,1,0,0,0,13,0,5.17,1.875,6.8,0.0,10.1,3.4,0.33,Left,No
15,1959,,Bill Harris,28,0,0,0.0,0.0,1,0,0,0,0,0,1.2,0,0,0,0,3,1,0,0,0,0,8,0,7.94,1.8,0.0,0.0,16.2,0.0,0.0,Right,No
1,1958,SP,Don Drysdale,21,12,13,0.48,4.17,44,29,7,6,1,0,211.2,214,107,98,21,72,6,131,14,2,8,913,100,3.75,1.351,9.1,0.9,3.1,5.6,1.82,Right,No
2,1958,SP,Johnny Podres,25,13,15,0.464,3.72,39,31,4,10,2,1,210.1,208,96,87,27,78,8,143,2,3,4,890,112,3.93,1.36,8.9,1.2,3.3,6.1,1.83,Left,No
3,1958,SP,Sandy Koufax,22,11,11,0.5,4.48,40,26,7,5,0,1,158.2,132,89,79,19,105,6,131,1,0,17,714,93,4.38,1.494,7.5,1.1,6.0,7.4,1.25,Left,No
4,1958,SP,Stan Williams,21,9,7,0.563,4.01,27,21,2,3,2,0,119.0,99,58,53,10,65,1,80,7,0,5,516,104,4.04,1.378,7.5,0.8,4.9,6.1,1.23,Right,No
5,1958,SP,Danny McDevitt,25,2,6,0.25,7.45,13,10,3,2,0,0,48.1,71,43,40,6,31,1,26,0,0,7,238,56,4.94,2.11,13.2,1.1,5.8,4.8,0.84,Left,No
6,1958,CL,Clem Labine,31,6,6,0.5,4.15,52,2,35,0,0,14,104.0,112,55,48,8,33,8,43,1,0,3,440,100,3.63,1.394,9.7,0.7,2.9,3.7,1.3,Right,No
7,1958,RP,Fred Kipp,26,6,6,0.5,5.01,40,9,8,0,0,1,102.1,107,60,57,16,45,7,58,1,0,4,443,83,4.72,1.485,9.4,1.4,4.0,5.1,1.29,Left,No
8,1958,RP,Carl Erskine,31,4,4,0.5,5.13,31,9,11,2,1,0,98.1,115,61,56,14,35,3,54,0,0,6,436,81,4.3,1.525,10.5,1.3,3.2,4.9,1.54,Right,No
9,1958,RP,Johnny Klippstein,30,3,5,0.375,3.8,45,0,22,0,0,9,90.0,81,40,38,12,44,8,73,2,0,5,381,110,4.12,1.389,8.1,1.2,4.4,7.3,1.66,Right,No
10,1958,RP,Ed Roebuck,26,0,1,0.0,3.48,32,0,13,0,0,5,44.0,45,22,17,9,15,3,26,2,1,1,188,120,5.11,1.364,9.2,1.8,3.1,5.3,1.73,Right,No
11,1958,,Don Newcombe,32,0,6,0.0,7.86,11,8,2,1,0,0,34.1,53,37,30,11,8,1,16,0,0,0,163,53,6.41,1.777,13.9,2.9,2.1,4.2,2.0,Right,No
12,1958,,Babe Birrer,28,0,0,0.0,4.5,16,0,6,0,0,1,34.0,43,20,17,4,7,3,16,1,0,1,149,93,3.77,1.471,11.4,1.1,1.9,4.2,2.29,Right,No
13,1958,,Roger Craig,28,2,1,0.667,4.5,9,2,1,1,0,0,32.0,30,20,16,3,12,1,16,0,1,3,136,93,3.82,1.313,8.4,0.8,3.4,4.5,1.33,Right,No
14,1958,,Bob Giallombardo,21,1,1,0.5,3.76,6,5,1,0,0,0,26.1,29,14,11,3,15,0,14,0,1,3,120,112,4.6,1.671,9.9,1.0,5.1,4.8,0.93,Left,No
15,1958,,Don Bessent,27,1,0,1.0,3.33,19,0,0,0,0,0,24.1,24,14,9,3,17,0,13,1,0,0,107,127,5.23,1.685,8.9,1.1,6.3,4.8,0.76,Right,No
16,1958,,Ralph Mauriello,23,1,1,0.5,4.63,3,2,0,0,0,0,11.2,10,6,6,1,8,0,11,0,1,1,51,92,3.76,1.543,7.7,0.8,6.2,8.5,1.38,Right,No
17,1958,,Ron Negray,28,0,0,0.0,7.15,4,0,1,0,0,0,11.1,12,9,9,4,7,0,2,0,1,1,51,60,8.56,1.676,9.5,3.2,5.6,1.6,0.29,Right,No
18,1958,,Larry Sherry,22,0,0,0.0,12.46,5,0,1,0,0,0,4.1,10,7,6,0,7,1,2,1,0,1,29,36,7.09,3.923,20.8,0.0,14.5,4.2,0.29,Right,No
19,1958,,Jackie Collum,31,0,0,0.0,8.1,2,0,0,0,0,0,3.1,4,3,3,2,2,0,0,0,0,0,15,57,12.08,1.8,10.8,5.4,5.4,0.0,0.0,Left,No
